step,t_elapsed,Ls,phi,longitude,tau,Ts,beta,gamma_c,irradiance,power
1,0,81,34,17,0.5,12.0,1.43,0.5,449.58,147.1745088
2,0,81,34,17,0.5,12.0,1.43,0.51,449.58,147.1745088
3,0,81,34,17,0.5,12.0,1.43,0.51,449.58,147.1745088
4,1,81,34,17,0.5,12.0,1.43,0.51,449.58,147.1745088
5,1,81,34,17,0.5,12.0,1.43,0.51,449.58,147.1745088
6,1,81,34,17,0.5,12.0,1.43,0.51,449.58,147.1745088
7,2,81,34,17,0.5,12.0,1.43,0.51,449.58,147.1745088
8,2,81,34,17,0.5,12.0,1.43,0.51,449.58,147.1745088
9,2,81,34,17,0.5,12.0,1.43,0.51,449.58,147.1745088
10,3,81,34,17,0.5,12.0,1.43,0.51,449.58,147.1745088
11,3,81,34,17,0.5,12.0,1.43,0.51,449.58,147.1745088
12,3,81,34,17,0.5,12.0,1.43,0.51,449.58,147.1745088
13,4,81,34,17,0.5,12.0,1.43,0.51,449.58,147.1745088
14,4,81,34,17,0.5,12.0,1.43,0.51,449.58,147.1745088
15,4,81,34,17,0.5,12.0,1.43,0.51,449.58,147.1745088
16,5,81,34,17,0.5,12.0,1.43,0.52,449.58,147.1745088
17,5,81,34,17,0.5,12.0,1.43,0.52,449.58,147.1745088
18,5,81,34,17,0.5,12.0,1.43,0.52,449.58,147.1745088
19,5,81,34,17,0.5,12.0,1.43,0.52,449.58,147.1745088
20,6,81,34,17,0.5,12.0,1.43,0.52,449.58,147.1745088
21,6,81,34,17,0.5,12.0,1.43,0.52,449.58,147.1745088
22,6,81,34,17,0.5,12.0,1.43,0.52,449.58,147.1745088
23,6,81,34,17,0.5,12.0,1.43,0.52,449.58,147.1745088
24,7,81,34,17,0.5,12.0,1.43,0.52,449.58,147.1745088
25,7,81,34,17,0.5,12.0,1.43,0.52,449.58,147.1745088
26,7,81,34,17,0.5,12.0,1.43,0.52,449.58,147.1745088
27,7,81,34,17,0.5,12.0,1.43,0.52,449.58,147.1745088
28,8,81,34,17,0.5,12.0,1.43,0.52,449.58,147.1745088
29,8,81,34,17,0.5,12.0,1.43,0.52,449.58,147.1745088
30,8,81,34,17,0.5,12.0,1.43,0.52,449.58,147.1745088
31,9,81,34,17,0.5,12.0,1.43,0.52,449.58,147.1745088
32,9,81,34,17,0.5,12.0,1.43,0.52,449.58,147.1745088
33,9,81,34,17,0.5,12.0,1.43,0.53,449.58,147.1745088
34,9,81,34,17,0.5,12.0,1.43,0.53,449.58,147.1745088
35,10,81,34,17,0.5,12.0,1.43,0.53,449.58,147.1745088
36,10,81,34,17,0.5,12.0,1.43,0.53,449.58,147.1745088
37,10,81,34,17,0.5,12.0,1.43,0.53,449.58,147.1745088
38,11,81,34,17,0.5,12.0,1.43,0.53,449.58,147.1745088
39,11,81,34,17,0.5,12.0,1.43,0.53,449.58,147.1745088
40,11,81,34,17,0.5,12.0,1.42,0.53,449.57,147.1712352
41,11,81,34,17,0.5,12.0,1.42,0.53,449.57,147.1712352
42,11,81,34,17,0.5,12.0,1.42,0.53,449.57,147.1712352
43,12,81,34,17,0.5,12.0,1.42,0.53,449.57,147.1712352
44,12,81,34,17,0.5,12.0,1.42,0.53,449.57,147.1712352
45,12,81,34,17,0.5,12.0,1.42,0.53,449.57,147.1712352
46,12,81,34,17,0.5,12.0,1.42,0.53,449.57,147.1712352
47,12,81,34,17,0.5,12.0,1.42,0.53,449.57,147.1712352
48,12,81,34,17,0.5,12.0,1.42,0.53,449.57,147.1712352
49,12,81,34,17,0.5,12.0,1.42,0.53,449.57,147.1712352
50,13,81,34,17,0.5,12.0,1.42,0.53,449.57,147.1712352
51,13,81,34,17,0.5,12.0,1.42,0.53,449.57,147.1712352
52,13,81,34,17,0.5,12.0,1.42,0.53,449.57,147.1712352
53,13,81,34,17,0.5,12.0,1.42,0.53,449.57,147.1712352
54,13,81,34,17,0.5,12.0,1.42,0.53,449.57,147.1712352
55,13,81,34,17,0.5,12.0,1.42,0.53,449.57,147.1712352
56,14,81,34,17,0.5,12.0,1.42,0.54,449.57,147.1712352
57,14,81,34,17,0.5,12.0,1.42,0.54,449.57,147.1712352
58,14,81,34,17,0.5,12.0,1.42,0.54,449.57,147.1712352
59,14,81,34,17,0.5,12.0,1.42,0.54,449.57,147.1712352
60,14,81,34,17,0.5,12.0,1.42,0.54,449.57,147.1712352
61,15,81,34,17,0.5,12.0,1.42,0.54,449.57,147.1712352
62,15,81,34,17,0.5,12.0,1.42,0.54,449.57,147.1712352
63,15,81,34,17,0.5,12.0,1.42,0.54,449.57,147.1712352
64,15,81,34,17,0.5,12.0,1.42,0.54,449.57,147.1712352
65,15,81,34,17,0.5,12.0,1.42,0.54,449.57,147.1712352
66,15,81,34,17,0.5,12.0,1.42,0.54,449.57,147.1712352
67,16,81,34,17,0.5,12.0,1.42,0.54,449.57,147.1712352
68,16,81,34,17,0.5,12.0,1.42,0.54,449.57,147.1712352
69,16,81,34,17,0.5,12.0,1.42,0.54,449.57,147.1712352
70,16,81,34,17,0.5,12.0,1.42,0.54,449.57,147.1712352
71,16,81,34,17,0.5,12.0,1.42,0.54,449.57,147.1712352
72,17,81,34,17,0.5,12.0,1.42,0.54,449.57,147.1712352
73,17,81,34,17,0.5,12.0,1.42,0.54,449.57,147.1712352
74,17,81,34,17,0.5,12.0,1.42,0.54,449.57,147.1712352
75,17,81,34,17,0.5,12.0,1.42,0.54,449.57,147.1712352
76,18,81,34,17,0.5,12.01,1.42,0.54,449.57,147.1712352
77,18,81,34,17,0.5,12.01,1.42,0.54,449.57,147.1712352
78,18,81,34,17,0.5,12.01,1.42,0.54,449.57,147.1712352
79,18,81,34,17,0.5,12.01,1.42,0.54,449.57,147.1712352
80,18,81,34,17,0.5,12.01,1.42,0.55,449.57,147.1712352
81,19,81,34,17,0.5,12.01,1.42,0.55,449.57,147.1712352
82,19,81,34,17,0.5,12.01,1.42,0.55,449.57,147.1712352
83,19,81,34,17,0.5,12.01,1.42,0.55,449.57,147.1712352
84,19,81,34,17,0.5,12.01,1.42,0.55,449.57,147.1712352
85,20,81,34,17,0.5,12.01,1.42,0.55,449.57,147.1712352
86,20,81,34,17,0.5,12.01,1.42,0.55,449.57,147.1712352
87,20,81,34,17,0.5,12.01,1.42,0.55,449.57,147.1712352
88,20,81,34,17,0.5,12.01,1.41,0.55,449.57,147.1712352
89,20,81,34,17,0.5,12.01,1.41,0.55,449.57,147.1712352
90,21,81,34,17,0.5,12.01,1.41,0.55,449.57,147.1712352
91,21,81,34,17,0.5,12.01,1.41,0.55,449.57,147.1712352
92,21,81,34,17,0.5,12.01,1.41,0.55,449.57,147.1712352
93,21,81,34,17,0.5,12.01,1.4,0.55,449.56,147.1679616
94,22,81,34,17,0.5,12.01,1.4,0.55,449.56,147.1679616
95,22,81,34,17,0.5,12.01,1.4,0.55,449.56,147.1679616
96,22,81,34,17,0.5,12.01,1.4,0.55,449.56,147.1679616
97,22,81,34,17,0.5,12.01,1.39,0.55,449.55,147.164688
98,22,81,34,17,0.5,12.01,1.39,0.55,449.55,147.164688
99,23,81,34,17,0.5,12.01,1.39,0.55,449.55,147.164688
100,23,81,34,17,0.5,12.01,1.38,0.55,449.54,147.1614144
101,23,81,34,17,0.5,12.01,1.38,0.56,449.54,147.1614144
102,23,81,34,17,0.5,12.01,1.38,0.56,449.54,147.1614144
103,24,81,34,17,0.5,12.01,1.37,0.56,449.54,147.1614144
104,24,81,34,17,0.5,12.01,1.37,0.56,449.54,147.1614144
105,24,81,34,17,0.5,12.01,1.36,0.56,449.53,147.1581408
106,24,81,34,17,0.5,12.01,1.36,0.56,449.53,147.1581408
107,24,81,34,17,0.5,12.01,1.36,0.56,449.53,147.1581408
108,25,81,34,17,0.5,12.01,1.35,0.56,449.52,147.1548672
109,25,81,34,17,0.5,12.01,1.34,0.56,449.52,147.1548672
110,25,81,34,17,0.5,12.01,1.34,0.56,449.52,147.1548672
111,25,81,34,17,0.5,12.01,1.33,0.56,449.51,147.1515936
112,26,81,34,17,0.5,12.01,1.32,0.56,449.5,147.14832
113,26,81,34,17,0.5,12.01,1.32,0.56,449.5,147.14832
114,26,81,34,17,0.5,12.01,1.31,0.56,449.49,147.1450464
115,26,81,34,17,0.5,12.01,1.31,0.56,449.49,147.1450464
116,27,81,34,17,0.5,12.01,1.3,0.56,449.49,147.1450464
117,27,81,34,17,0.5,12.01,1.29,0.56,449.48,147.1417728
118,27,81,34,17,0.5,12.01,1.29,0.56,449.48,147.1417728
119,27,81,34,17,0.5,12.01,1.28,0.56,449.47,147.1384992
120,27,81,34,17,0.5,12.01,1.28,0.56,449.47,147.1384992
121,28,81,34,17,0.5,12.01,1.27,0.56,449.46,147.13522559999998
122,28,81,34,17,0.5,12.01,1.26,0.56,449.46,147.13522559999998
123,28,81,34,17,0.5,12.01,1.26,0.56,449.46,147.13522559999998
124,28,81,34,17,0.5,12.01,1.25,0.57,449.45,147.131952
125,28,81,34,17,0.5,12.01,1.25,0.57,449.45,147.131952
126,29,81,34,17,0.5,12.01,1.24,0.57,449.44,147.1286784
127,29,81,34,17,0.5,12.01,1.23,0.57,449.44,147.1286784
128,29,81,34,17,0.5,12.01,1.22,0.57,449.43,147.1254048
129,29,81,34,17,0.5,12.01,1.21,0.57,449.42,147.1221312
130,30,81,34,17,0.5,12.01,1.21,0.57,449.42,147.1221312
131,30,81,34,17,0.5,12.01,1.2,0.57,449.41,147.1188576
132,30,81,34,17,0.5,12.01,1.19,0.57,449.41,147.1188576
133,30,81,34,17,0.5,12.01,1.18,0.57,449.4,147.11558399999998
134,30,81,34,17,0.5,12.01,1.18,0.57,449.4,147.11558399999998
135,31,81,34,17,0.5,12.01,1.17,0.57,449.39,147.11231039999998
136,31,81,34,17,0.5,12.01,1.17,0.57,449.39,147.11231039999998
137,31,81,34,17,0.5,12.01,1.16,0.57,449.38,147.10903679999998
138,31,81,34,17,0.5,12.01,1.16,0.57,449.38,147.10903679999998
139,31,81,34,17,0.5,12.01,1.16,0.57,449.38,147.10903679999998
140,32,81,34,17,0.5,12.01,1.16,0.57,449.38,147.10903679999998
141,32,81,34,17,0.5,12.01,1.16,0.57,449.38,147.10903679999998
142,32,81,34,17,0.5,12.01,1.16,0.57,449.38,147.10903679999998
143,32,81,34,17,0.5,12.01,1.16,0.57,449.38,147.10903679999998
144,32,81,34,17,0.5,12.01,1.15,0.57,449.38,147.10903679999998
145,33,81,34,17,0.5,12.01,1.15,0.57,449.38,147.10903679999998
146,33,81,34,17,0.5,12.01,1.15,0.57,449.38,147.10903679999998
147,33,81,34,17,0.5,12.01,1.15,0.57,449.38,147.10903679999998
148,33,81,34,17,0.5,12.01,1.15,0.57,449.38,147.10903679999998
149,34,81,34,17,0.5,12.01,1.15,0.57,449.38,147.10903679999998
150,34,81,34,17,0.5,12.01,1.15,0.57,449.38,147.10903679999998
151,34,81,34,17,0.5,12.01,1.15,0.57,449.38,147.10903679999998
152,34,81,34,17,0.5,12.01,1.15,0.57,449.38,147.10903679999998
153,34,81,34,17,0.5,12.01,1.15,0.57,449.38,147.10903679999998
154,35,81,34,17,0.5,12.01,1.15,0.56,449.38,147.10903679999998
155,35,81,34,17,0.5,12.01,1.17,0.55,449.39,147.11231039999998
156,35,81,34,17,0.5,12.01,1.21,0.55,449.42,147.1221312
157,35,81,34,17,0.5,12.01,1.24,0.57,449.44,147.1286784
158,36,81,34,17,0.5,12.01,1.25,0.57,449.45,147.131952
159,36,81,34,17,0.5,12.01,1.25,0.57,449.45,147.131952
160,36,81,34,17,0.5,12.01,1.25,0.56,449.45,147.131952
161,36,81,34,17,0.5,12.01,1.25,0.56,449.45,147.131952
162,36,81,34,17,0.5,12.01,1.25,0.55,449.45,147.131952
163,37,81,34,17,0.5,12.01,1.25,0.54,449.45,147.131952
164,37,81,34,17,0.5,12.01,1.25,0.54,449.45,147.131952
165,37,81,34,17,0.5,12.01,1.25,0.53,449.45,147.131952
166,37,81,34,17,0.5,12.01,1.25,0.52,449.45,147.131952
167,38,81,34,17,0.5,12.01,1.25,0.52,449.45,147.131952
168,38,81,34,17,0.5,12.01,1.25,0.51,449.45,147.131952
169,38,81,34,17,0.5,12.01,1.25,0.51,449.45,147.131952
170,38,81,34,17,0.5,12.01,1.25,0.5,449.45,147.131952
171,39,81,34,17,0.5,12.01,1.25,0.49,449.45,147.131952
172,39,81,34,17,0.5,12.01,1.25,0.48,449.45,147.131952
173,39,81,34,17,0.5,12.01,1.25,0.46,449.45,147.131952
174,39,81,34,17,0.5,12.01,1.25,0.46,449.45,147.131952
175,40,81,34,17,0.5,12.01,1.25,0.45,449.45,147.131952
176,40,81,34,17,0.5,12.01,1.25,0.44,449.45,147.131952
177,40,81,34,17,0.5,12.01,1.25,0.43,449.45,147.131952
178,40,81,34,17,0.5,12.01,1.25,0.43,449.45,147.131952
179,41,81,34,17,0.5,12.01,1.25,0.42,449.45,147.131952
180,41,81,34,17,0.5,12.01,1.25,0.42,449.45,147.131952
181,41,81,34,17,0.5,12.01,1.25,0.41,449.45,147.131952
182,41,81,34,17,0.5,12.01,1.25,0.4,449.45,147.131952
183,42,81,34,17,0.5,12.01,1.25,0.39,449.45,147.131952
184,42,81,34,17,0.5,12.01,1.25,0.39,449.45,147.131952
185,42,81,34,17,0.5,12.01,1.25,0.38,449.45,147.131952
186,42,81,34,17,0.5,12.01,1.28,0.38,449.47,147.1384992
187,43,81,34,17,0.5,12.01,1.33,0.38,449.51,147.1515936
188,43,81,34,17,0.5,12.01,1.39,0.38,449.55,147.164688
189,43,81,34,17,0.5,12.01,1.46,0.38,449.6,147.181056
190,43,81,34,17,0.5,12.01,1.53,0.37,449.65,147.197424
191,43,81,34,17,0.5,12.01,1.64,0.38,449.73,147.2236128
192,44,81,34,17,0.5,12.01,1.75,0.38,449.8,147.246528
193,44,81,34,17,0.5,12.01,1.92,0.36,449.92,147.2858112
194,44,81,34,17,0.5,12.01,2.15,0.34,450.07,147.3349152
195,44,81,34,17,0.5,12.01,2.24,0.34,450.13,147.3545568
196,45,81,34,17,0.5,12.01,2.25,0.34,450.13,147.3545568
197,45,81,34,17,0.5,12.01,2.28,0.35,450.15,147.361104
198,45,81,34,17,0.5,12.01,2.49,0.34,450.28,147.40366079999998
199,45,81,34,17,0.5,12.01,2.76,0.33,450.45,147.459312
200,46,81,34,17,0.5,12.01,3.06,0.32,450.62,147.5149632
201,46,81,34,17,0.5,12.01,3.41,0.32,450.81,147.5771616
202,46,81,34,17,0.5,12.01,3.62,0.31,450.92,147.6131712
203,46,81,34,17,0.5,12.01,3.71,0.31,450.96,147.62626559999998
204,46,81,34,17,0.5,12.01,3.77,0.31,450.99,147.6360864
205,47,81,34,17,0.5,12.01,3.88,0.32,451.05,147.655728
206,47,81,34,17,0.5,12.01,3.99,0.32,451.1,147.672096
207,47,81,34,17,0.5,12.01,4.07,0.31,451.13,147.6819168
208,47,81,34,17,0.5,12.01,4.14,0.31,451.17,147.6950112
209,48,81,34,17,0.5,12.01,4.28,0.31,451.23,147.7146528
210,48,81,34,17,0.5,12.01,4.42,0.31,451.29,147.7342944
211,48,81,34,17,0.5,12.01,4.57,0.3,451.35,147.753936
212,48,81,34,17,0.5,12.01,4.71,0.3,451.41,147.7735776
213,48,81,34,17,0.5,12.01,4.86,0.3,451.47,147.7932192
214,48,81,34,17,0.5,12.01,4.91,0.3,451.49,147.7997664
215,49,81,34,17,0.5,12.01,5.06,0.29,451.55,147.819408
216,49,81,34,17,0.5,12.01,5.23,0.29,451.61,147.8390496
217,49,81,34,17,0.5,12.01,5.34,0.29,451.64,147.8488704
218,49,81,34,17,0.5,12.01,5.54,0.28,451.71,147.8717856
219,50,81,34,17,0.5,12.01,5.69,0.27,451.76,147.8881536
220,50,81,34,17,0.5,12.01,5.89,0.25,451.82,147.9077952
221,50,81,34,17,0.5,12.01,6.04,0.25,451.86,147.9208896
222,50,81,34,17,0.5,12.01,6.14,0.24,451.89,147.9307104
223,51,81,34,17,0.5,12.01,6.36,0.24,451.94,147.9470784
224,51,81,34,17,0.5,12.01,6.46,0.23,451.97,147.9568992
225,51,81,34,17,0.5,12.01,6.5,0.23,451.97,147.9568992
226,51,81,34,17,0.5,12.01,6.53,0.23,451.98,147.9601728
227,51,81,34,17,0.5,12.01,6.54,0.23,451.98,147.9601728
228,51,81,34,17,0.5,12.01,6.54,0.23,451.98,147.9601728
229,52,81,34,17,0.5,12.01,6.55,0.23,451.99,147.9634464
230,52,81,34,17,0.5,12.01,6.55,0.23,451.99,147.9634464
231,52,81,34,17,0.5,12.01,6.55,0.23,451.99,147.9634464
232,52,81,34,17,0.5,12.01,6.55,0.23,451.99,147.9634464
233,52,81,34,17,0.5,12.01,6.55,0.23,451.99,147.9634464
234,53,81,34,17,0.5,12.01,6.56,0.23,451.99,147.9634464
235,53,81,34,17,0.5,12.01,6.56,0.23,451.99,147.9634464
236,53,81,34,17,0.5,12.01,6.56,0.23,451.99,147.9634464
237,53,81,34,17,0.5,12.01,6.56,0.23,451.99,147.9634464
238,53,81,34,17,0.5,12.01,6.56,0.23,451.99,147.9634464
239,53,81,34,17,0.5,12.01,6.56,0.23,451.99,147.9634464
240,54,81,34,17,0.5,12.02,6.56,0.23,451.98,147.9601728
241,54,81,34,17,0.5,12.02,6.56,0.23,451.98,147.9601728
242,54,81,34,17,0.5,12.02,6.56,0.23,451.98,147.9601728
243,54,81,34,17,0.5,12.02,6.56,0.23,451.98,147.9601728
244,54,81,34,17,0.5,12.02,6.56,0.23,451.98,147.9601728
245,54,81,34,17,0.5,12.02,6.57,0.23,451.99,147.9634464
246,54,81,34,17,0.5,12.02,6.57,0.23,451.99,147.9634464
247,55,81,34,17,0.5,12.02,6.57,0.23,451.99,147.9634464
248,55,81,34,17,0.5,12.02,6.57,0.23,451.99,147.9634464
249,55,81,34,17,0.5,12.02,6.57,0.23,451.99,147.9634464
250,55,81,34,17,0.5,12.02,6.57,0.23,451.99,147.9634464
251,55,81,34,17,0.5,12.02,6.57,0.23,451.99,147.9634464
252,55,81,34,17,0.5,12.02,6.57,0.23,451.99,147.9634464
253,56,81,34,17,0.5,12.02,6.57,0.23,451.99,147.9634464
254,56,81,34,17,0.5,12.02,6.57,0.24,451.99,147.9634464
255,56,81,34,17,0.5,12.02,6.57,0.24,451.99,147.9634464
256,56,81,34,17,0.5,12.02,6.57,0.24,451.99,147.9634464
257,57,81,34,17,0.5,12.02,6.58,0.24,451.99,147.9634464
258,57,81,34,17,0.5,12.02,6.58,0.24,451.99,147.9634464
259,57,81,34,17,0.5,12.02,6.58,0.24,451.99,147.9634464
260,57,81,34,17,0.5,12.02,6.58,0.24,451.99,147.9634464
261,57,81,34,17,0.5,12.02,6.75,0.23,452.03,147.9765408
262,57,81,34,17,0.5,12.02,7.03,0.22,452.08,147.9929088
263,58,81,34,17,0.5,12.02,7.4,0.21,452.14,148.01255039999998
264,58,81,34,17,0.5,12.02,7.64,0.2,452.17,148.0223712
265,58,81,34,17,0.5,12.02,7.85,0.19,452.19,148.0289184
266,58,81,34,17,0.5,12.02,7.91,0.19,452.2,148.032192
267,59,81,34,17,0.5,12.02,7.95,0.19,452.2,148.032192
268,59,81,34,17,0.5,12.02,7.98,0.19,452.2,148.032192
269,59,81,34,17,0.5,12.02,7.99,0.19,452.2,148.032192
270,59,81,34,17,0.5,12.02,8.0,0.18,452.21,148.03546559999998
271,59,81,34,17,0.5,12.02,8.01,0.18,452.21,148.03546559999998
272,59,81,34,17,0.5,12.02,8.01,0.18,452.21,148.03546559999998
273,60,81,34,17,0.5,12.02,8.01,0.17,452.21,148.03546559999998
274,60,81,34,17,0.5,12.02,8.01,0.17,452.21,148.03546559999998
275,60,81,34,17,0.5,12.02,8.01,0.16,452.21,148.03546559999998
276,60,81,34,17,0.5,12.02,8.01,0.16,452.21,148.03546559999998
277,60,81,34,17,0.5,12.02,8.07,0.15,452.21,148.03546559999998
278,61,81,34,17,0.5,12.02,8.51,0.14,452.24,148.0452864
279,61,81,34,17,0.5,12.02,8.85,0.13,452.24,148.0452864
280,61,81,34,17,0.5,12.02,9.28,0.11,452.23,148.0420128
281,61,81,34,17,0.5,12.02,9.86,0.09,452.2,148.032192
282,61,81,34,17,0.5,12.02,10.2,0.08,452.16,148.0190976
283,62,81,34,17,0.5,12.02,10.51,0.07,452.11,148.0027296
284,62,81,34,17,0.5,12.02,10.77,0.06,452.07,147.9896352
285,62,81,34,17,0.5,12.02,10.98,0.06,452.03,147.9765408
286,62,81,34,17,0.5,12.02,11.15,0.05,451.99,147.9634464
287,62,81,34,17,0.5,12.02,11.3,0.05,451.96,147.9536256
288,62,81,34,17,0.5,12.02,11.49,0.04,451.91,147.9372576
289,63,81,34,17,0.5,12.02,11.55,0.04,451.9,147.93398399999998
290,63,81,34,17,0.5,12.02,11.6,0.04,451.89,147.9307104
291,63,81,34,17,0.5,12.02,11.61,0.04,451.88,147.9274368
292,63,81,34,17,0.5,12.02,11.61,0.04,451.88,147.9274368
293,63,81,34,17,0.5,12.02,11.61,0.05,451.88,147.9274368
294,63,81,34,17,0.5,12.02,11.61,0.05,451.88,147.9274368
295,63,81,34,17,0.5,12.02,11.6,0.04,451.89,147.9307104
296,64,81,34,17,0.5,12.02,11.6,0.04,451.89,147.9307104
297,64,81,34,17,0.5,12.02,11.61,0.04,451.88,147.9274368
298,64,81,34,17,0.5,12.02,11.61,0.04,451.88,147.9274368
299,64,81,34,17,0.5,12.02,11.61,0.04,451.88,147.9274368
300,64,81,34,17,0.5,12.02,11.61,0.04,451.88,147.9274368
301,65,81,34,17,0.5,12.02,11.61,0.04,451.88,147.9274368
302,65,81,34,17,0.5,12.02,11.61,0.04,451.88,147.9274368
303,65,81,34,17,0.5,12.02,11.61,0.04,451.88,147.9274368
304,65,81,34,17,0.5,12.02,11.61,0.04,451.88,147.9274368
305,65,81,34,17,0.5,12.02,11.61,0.04,451.88,147.9274368
306,65,81,34,17,0.5,12.02,11.61,0.04,451.88,147.9274368
307,66,81,34,17,0.5,12.02,11.61,0.04,451.88,147.9274368
308,66,81,34,17,0.5,12.02,11.61,0.04,451.88,147.9274368
309,66,81,34,17,0.5,12.02,11.61,0.04,451.88,147.9274368
310,66,81,34,17,0.5,12.02,11.61,0.04,451.88,147.9274368
311,66,81,34,17,0.5,12.02,11.61,0.05,451.88,147.9274368
312,66,81,34,17,0.5,12.02,11.61,0.05,451.88,147.9274368
313,66,81,34,17,0.5,12.02,11.61,0.05,451.88,147.9274368
314,66,81,34,17,0.5,12.02,11.61,0.05,451.88,147.9274368
315,67,81,34,17,0.5,12.02,11.61,0.05,451.88,147.9274368
316,67,81,34,17,0.5,12.02,11.61,0.05,451.88,147.9274368
317,67,81,34,17,0.5,12.02,11.61,0.05,451.88,147.9274368
318,67,81,34,17,0.5,12.02,11.61,0.05,451.88,147.9274368
319,67,81,34,17,0.5,12.02,11.61,0.05,451.88,147.9274368
320,68,81,34,17,0.5,12.02,11.61,0.05,451.88,147.9274368
321,68,81,34,17,0.5,12.02,11.61,0.05,451.88,147.9274368
322,68,81,34,17,0.5,12.02,11.61,0.05,451.88,147.9274368
323,68,81,34,17,0.5,12.02,11.61,0.05,451.88,147.9274368
324,68,81,34,17,0.5,12.02,11.61,0.05,451.88,147.9274368
325,68,81,34,17,0.5,12.02,11.61,0.05,451.88,147.9274368
326,68,81,34,17,0.5,12.02,11.61,0.05,451.88,147.9274368
327,69,81,34,17,0.5,12.02,11.61,0.05,451.88,147.9274368
328,69,81,34,17,0.5,12.02,11.61,0.05,451.88,147.9274368
329,69,81,34,17,0.5,12.02,11.61,0.05,451.88,147.9274368
330,69,81,34,17,0.5,12.02,11.61,0.05,451.88,147.9274368
331,69,81,34,17,0.5,12.02,11.61,0.05,451.88,147.9274368
332,69,81,34,17,0.5,12.02,11.61,0.05,451.88,147.9274368
333,70,81,34,17,0.5,12.02,11.61,0.05,451.88,147.9274368
334,70,81,34,17,0.5,12.02,11.61,0.05,451.88,147.9274368
335,70,81,34,17,0.5,12.02,11.61,0.05,451.88,147.9274368
336,70,81,34,17,0.5,12.02,11.61,0.05,451.88,147.9274368
337,70,81,34,17,0.5,12.02,11.61,0.05,451.88,147.9274368
338,70,81,34,17,0.5,12.02,11.61,0.05,451.88,147.9274368
339,71,81,34,17,0.5,12.02,11.61,0.05,451.88,147.9274368
340,71,81,34,17,0.5,12.02,11.61,0.05,451.88,147.9274368
341,71,81,34,17,0.5,12.02,11.61,0.05,451.88,147.9274368
342,71,81,34,17,0.5,12.02,11.61,0.05,451.88,147.9274368
343,71,81,34,17,0.5,12.02,11.61,0.05,451.88,147.9274368
344,72,81,34,17,0.5,12.02,11.61,0.05,451.88,147.9274368
345,72,81,34,17,0.5,12.02,11.61,0.05,451.88,147.9274368
346,72,81,34,17,0.5,12.02,11.61,0.05,451.88,147.9274368
347,72,81,34,17,0.5,12.02,11.61,0.05,451.88,147.9274368
348,72,81,34,17,0.5,12.02,11.61,0.06,451.88,147.9274368
349,72,81,34,17,0.5,12.02,11.61,0.06,451.88,147.9274368
350,73,81,34,17,0.5,12.02,11.61,0.06,451.88,147.9274368
351,73,81,34,17,0.5,12.02,11.61,0.06,451.88,147.9274368
352,73,81,34,17,0.5,12.02,11.61,0.06,451.88,147.9274368
353,73,81,34,17,0.5,12.02,11.61,0.06,451.88,147.9274368
354,73,81,34,17,0.5,12.02,11.61,0.06,451.88,147.9274368
355,73,81,34,17,0.5,12.02,11.61,0.06,451.88,147.9274368
356,74,81,34,17,0.5,12.02,11.61,0.06,451.88,147.9274368
357,74,81,34,17,0.5,12.02,11.61,0.06,451.88,147.9274368
358,74,81,34,17,0.5,12.02,11.61,0.06,451.88,147.9274368
359,74,81,34,17,0.5,12.02,11.61,0.06,451.88,147.9274368
360,74,81,34,17,0.5,12.02,11.61,0.06,451.88,147.9274368
361,75,81,34,17,0.5,12.02,11.61,0.06,451.88,147.9274368
362,75,81,34,17,0.5,12.02,11.61,0.06,451.88,147.9274368
363,75,81,34,17,0.5,12.02,11.61,0.06,451.88,147.9274368
364,75,81,34,17,0.5,12.02,11.61,0.06,451.88,147.9274368
365,75,81,34,17,0.5,12.02,11.61,0.06,451.88,147.9274368
366,75,81,34,17,0.5,12.02,11.61,0.06,451.88,147.9274368
367,75,81,34,17,0.5,12.02,11.62,0.07,451.88,147.9274368
368,76,81,34,17,0.5,12.02,11.62,0.08,451.88,147.9274368
369,76,81,34,17,0.5,12.02,11.63,0.09,451.88,147.9274368
370,76,81,34,17,0.5,12.02,11.64,0.11,451.88,147.9274368
371,76,81,34,17,0.5,12.02,11.64,0.12,451.88,147.9274368
372,76,81,34,17,0.5,12.02,11.65,0.13,451.87,147.9241632
373,76,81,34,17,0.5,12.02,11.65,0.14,451.87,147.9241632
374,77,81,34,17,0.5,12.02,11.66,0.15,451.87,147.9241632
375,77,81,34,17,0.5,12.02,11.66,0.16,451.87,147.9241632
376,77,81,34,17,0.5,12.02,11.66,0.17,451.87,147.9241632
377,77,81,34,17,0.5,12.02,11.67,0.18,451.87,147.9241632
378,77,81,34,17,0.5,12.02,11.67,0.2,451.87,147.9241632
379,78,81,34,17,0.5,12.02,11.68,0.21,451.87,147.9241632
380,78,81,34,17,0.5,12.02,11.69,0.23,451.86,147.9208896
381,78,81,34,17,0.5,12.02,11.69,0.24,451.86,147.9208896
382,78,81,34,17,0.5,12.02,11.69,0.25,451.86,147.9208896
383,78,81,34,17,0.5,12.02,11.68,0.25,451.87,147.9241632
384,78,81,34,17,0.5,12.02,11.68,0.26,451.87,147.9241632
385,79,81,34,17,0.5,12.02,11.68,0.27,451.87,147.9241632
386,79,81,34,17,0.5,12.02,11.68,0.28,451.87,147.9241632
387,79,81,34,17,0.5,12.02,11.68,0.28,451.87,147.9241632
388,79,81,34,17,0.5,12.02,11.67,0.29,451.87,147.9241632
389,79,81,34,17,0.5,12.02,11.67,0.3,451.87,147.9241632
390,80,81,34,17,0.5,12.02,11.67,0.31,451.87,147.9241632
391,80,81,34,17,0.5,12.02,11.67,0.31,451.87,147.9241632
392,80,81,34,17,0.5,12.02,11.66,0.32,451.87,147.9241632
393,80,81,34,17,0.5,12.02,11.69,0.92,451.86,147.9208896
394,80,81,34,17,0.5,12.02,11.75,1.89,451.85,147.917616
395,81,81,34,17,0.5,12.02,11.8,2.85,451.83,147.91106879999998
396,81,81,34,17,0.5,12.02,11.85,3.82,451.81,147.9045216
397,81,81,34,17,0.5,12.02,11.91,4.78,451.79,147.8979744
398,81,81,34,17,0.5,12.02,11.96,5.75,451.76,147.8881536
399,81,81,34,17,0.5,12.02,12.05,7.21,451.71,147.8717856
400,81,81,34,17,0.5,12.02,12.14,8.66,451.66,147.8554176
401,82,81,34,17,0.5,12.02,12.2,9.63,451.62,147.8423232
402,82,81,34,17,0.5,12.02,12.26,10.6,451.57,147.8259552
403,82,81,34,17,0.5,12.02,12.32,11.57,451.52,147.80958719999998
404,82,81,34,17,0.5,12.02,12.41,13.03,451.44,147.7833984
405,82,81,34,17,0.5,12.02,12.47,14.49,451.36,147.7572096
406,82,81,34,17,0.5,12.02,12.51,15.46,451.31,147.7408416
407,83,81,34,17,0.5,12.02,12.54,16.43,451.25,147.7212
408,83,81,34,17,0.5,12.02,12.59,17.88,451.16,147.6917376
409,83,81,34,17,0.5,12.02,12.62,18.85,451.1,147.672096
410,83,81,34,17,0.5,12.02,12.65,19.82,451.03,147.64918079999998
411,83,81,34,17,0.5,12.02,12.7,21.27,450.92,147.6131712
412,84,81,34,17,0.5,12.02,12.46,22.29,450.95,147.622992
413,84,81,34,17,0.5,12.02,12.19,23.33,450.99,147.6360864
414,84,81,34,17,0.5,12.02,12.27,24.29,450.9,147.60662399999998
415,84,81,34,17,0.5,12.02,12.34,25.24,450.8,147.573888
416,84,81,34,17,0.5,12.02,12.39,26.2,450.71,147.5444256
417,84,81,34,17,0.5,12.02,12.45,27.63,450.57,147.4985952
418,84,81,34,17,0.5,12.02,12.48,28.59,450.48,147.4691328
419,85,81,34,17,0.5,12.02,12.5,29.55,450.39,147.4396704
420,85,81,34,17,0.5,12.02,12.52,30.51,450.3,147.410208
421,85,81,34,17,0.5,12.02,12.54,31.95,450.16,147.3643776
422,85,81,34,17,0.5,12.02,11.58,33.6,450.41,147.4462176
423,85,81,34,17,0.5,12.02,11.0,34.4,450.55,147.492048
424,86,81,34,17,0.5,12.02,11.41,35.89,450.27,147.4003872
425,86,81,34,17,0.5,12.02,11.82,37.87,449.9,147.279264
426,86,81,34,17,0.5,12.02,12.04,39.33,449.64,147.1941504
427,86,81,34,17,0.5,12.02,12.15,40.3,449.48,147.1417728
428,87,81,34,17,0.5,12.02,12.24,41.27,449.33,147.0926688
429,87,81,34,17,0.5,12.02,12.32,42.24,449.17,147.0402912
430,87,81,34,17,0.5,12.02,12.38,43.2,449.03,146.9944608
431,87,81,34,17,0.5,12.02,12.43,44.16,448.88,146.9453568
432,87,81,34,17,0.5,12.02,12.47,45.12,448.74,146.8995264
433,87,81,34,17,0.5,12.02,12.5,46.08,448.6,146.853696
434,87,81,34,17,0.5,12.02,12.53,47.04,448.46,146.80786559999999
435,88,81,34,17,0.5,12.02,12.56,48.48,448.25,146.73912
436,88,81,34,17,0.5,12.02,12.57,49.43,448.11,146.6932896
437,88,81,34,17,0.5,12.02,12.59,50.87,447.9,146.624544
438,88,81,34,17,0.5,12.02,12.6,52.3,447.69,146.55579840000001
439,88,81,34,17,0.5,12.02,12.6,53.25,447.55,146.50996800000001
440,89,81,34,17,0.5,12.02,12.89,54.3,447.19,146.3921184
441,89,81,34,17,0.5,12.02,12.91,55.26,447.03,146.3397408
442,89,81,34,17,0.5,12.02,12.9,56.22,446.89,146.2939104
443,89,81,34,17,0.5,12.02,12.85,57.18,446.78,146.2579008
444,89,81,34,17,0.5,12.02,12.81,58.13,446.66,146.21861760000002
445,89,81,34,17,0.5,12.02,12.78,59.09,446.53,146.17606080000002
446,89,81,34,17,0.5,12.02,12.74,60.05,446.41,146.13677760000002
447,90,81,34,17,0.5,12.03,12.71,61.01,446.41,146.13677760000002
448,90,81,34,17,0.5,12.03,12.67,61.97,446.29,146.09749440000002
449,90,81,34,17,0.5,12.03,12.63,63.41,446.08,146.0287488
450,90,81,34,17,0.5,12.03,12.58,64.86,445.89,145.96655040000002
451,90,81,34,17,0.5,12.03,12.54,66.3,445.68,145.8978048
452,91,81,34,17,0.5,12.03,12.5,67.26,445.55,145.85524800000002
453,91,81,34,17,0.5,12.03,12.47,68.23,445.42,145.81269120000002
454,91,81,34,17,0.5,12.03,12.47,69.67,445.17,145.73085120000002
455,91,81,34,17,0.5,12.03,12.48,70.64,445.0,145.67520000000002
456,91,81,34,17,0.5,12.03,12.49,71.61,444.83,145.6195488
457,91,81,34,17,0.5,12.03,12.51,72.57,444.64,145.55735040000002
458,92,81,34,17,0.5,12.03,12.53,74.02,444.37,145.46896320000002
459,92,81,34,17,0.5,12.03,12.54,74.99,444.19,145.4100384
460,92,81,34,17,0.5,12.03,11.86,76.33,444.58,145.5377088
461,92,81,34,17,0.5,12.03,11.94,77.32,444.34,145.4591424
462,92,81,34,17,0.5,12.03,12.05,78.8,443.98,145.34129280000002
463,93,81,34,17,0.5,12.03,12.13,80.27,443.65,145.233264
464,93,81,34,17,0.5,12.03,12.17,81.74,443.35,145.13505600000002
465,93,81,34,17,0.5,12.03,12.18,82.72,443.17,145.0761312
466,93,81,34,17,0.5,12.03,12.17,83.7,443.01,145.0237536
467,93,81,34,17,0.5,12.03,12.16,84.68,442.84,144.9681024
468,93,81,34,17,0.5,12.03,12.14,85.66,442.69,144.9189984
469,94,81,34,17,0.5,12.03,12.11,86.64,442.55,144.873168
470,94,81,34,17,0.5,12.03,12.06,88.1,442.34,144.8044224
471,94,81,34,17,0.5,12.03,12.02,89.08,442.21,144.76186560000002
472,94,81,34,17,0.5,12.03,11.98,90.06,442.08,144.7193088
473,94,81,34,17,0.5,12.03,11.91,91.52,441.9,144.660384
474,94,81,34,17,0.5,12.03,11.86,92.49,441.79,144.62437440000002
475,95,81,34,17,0.5,12.03,11.81,93.46,441.67,144.5850912
476,95,81,34,17,0.5,12.03,11.73,94.92,441.51,144.5327136
477,95,81,34,17,0.5,12.03,11.67,95.9,441.41,144.49997760000002
478,95,81,34,17,0.5,12.03,11.62,96.87,441.3,144.463968
479,95,81,34,17,0.5,12.03,11.56,97.84,441.21,144.4345056
480,95,81,34,17,0.5,12.03,11.5,98.82,441.11,144.40176960000002
481,96,81,34,17,0.5,12.03,11.41,100.27,440.97,144.35593920000002
482,96,81,34,17,0.5,12.03,11.33,101.73,440.83,144.3101088
483,96,81,34,17,0.5,12.03,11.28,103.17,440.65,144.251184
484,96,81,34,17,0.5,12.03,11.23,104.61,440.48,144.19553280000002
485,97,81,34,17,0.5,12.03,11.17,106.06,440.32,144.14315520000002
486,97,81,34,17,0.5,12.03,11.12,107.51,440.15,144.087504
487,97,81,34,17,0.5,12.03,11.07,108.96,439.99,144.03512640000002
488,97,81,34,17,0.5,12.03,11.03,109.93,439.89,144.0023904
489,97,81,34,17,0.5,12.03,11.0,110.89,439.78,143.9663808
490,98,81,34,17,0.5,12.03,10.94,112.34,439.63,143.9172768
491,98,81,34,17,0.5,12.03,10.89,113.79,439.48,143.8681728
492,98,81,34,17,0.5,12.03,10.85,114.76,439.39,143.8387104
493,98,81,34,17,0.5,12.03,10.55,115.66,439.66,143.92709760000002
494,98,81,34,17,0.5,12.03,10.22,116.59,439.96,144.0253056
495,98,81,34,17,0.5,12.03,10.24,117.57,439.8,143.972928
496,99,81,34,17,0.5,12.03,10.25,119.05,439.58,143.9009088
497,99,81,34,17,0.5,12.03,10.23,120.51,439.42,143.84853120000002
498,99,81,34,17,0.5,12.03,10.21,121.48,439.31,143.8125216
499,99,81,34,17,0.5,12.03,10.17,122.45,439.24,143.7896064
500,99,81,34,17,0.5,12.03,10.13,123.41,439.17,143.7666912
501,99,81,34,17,0.5,12.03,10.09,124.37,439.11,143.74704960000003
502,100,81,34,17,0.5,12.03,10.04,125.33,439.06,143.73068160000003
503,100,81,34,17,0.5,12.03,10.02,126.3,438.96,143.6979456
504,100,81,34,17,0.5,12.03,10.0,127.74,438.82,143.6521152
505,100,81,34,17,0.5,12.03,11.35,128.92,436.64,142.9384704
506,100,81,34,17,0.5,12.03,10.94,129.88,437.15,143.105424
507,100,81,34,17,0.5,12.03,10.77,130.86,437.29,143.1512544
508,101,81,34,17,0.5,12.03,10.57,132.32,437.42,143.1938112
509,101,81,34,17,0.5,12.03,10.47,133.28,437.46,143.2069056
510,101,81,34,17,0.5,12.03,10.34,134.73,437.49,143.21672640000003
511,101,81,34,17,0.5,12.03,10.25,136.17,437.47,143.21017920000003
512,101,81,34,17,0.5,12.03,10.2,137.13,437.44,143.2003584
513,102,81,34,17,0.5,12.03,10.16,138.09,437.4,143.187264
514,102,81,34,17,0.5,12.03,10.13,139.04,437.35,143.170896
515,102,81,34,17,0.5,12.03,10.09,140.48,437.27,143.1447072
516,102,81,34,17,0.5,12.03,10.05,141.91,437.19,143.1185184
517,102,81,34,17,0.5,12.03,10.02,143.34,437.1,143.089056
518,103,81,34,17,0.5,12.03,10.01,144.3,437.03,143.0661408
519,103,81,34,17,0.5,12.03,9.99,145.73,436.93,143.03340480000003
520,103,81,34,17,0.5,12.03,9.98,147.16,436.82,142.9973952
521,103,81,34,17,0.5,12.03,9.97,148.11,436.76,142.9777536
522,103,81,34,17,0.5,12.03,9.96,149.54,436.66,142.9450176
523,104,81,34,17,0.5,12.03,9.96,150.97,436.55,142.909008
524,104,81,34,17,0.5,12.03,9.95,151.92,436.49,142.8893664
525,104,81,34,17,0.5,12.03,9.95,153.35,436.39,142.8566304
526,104,81,34,17,0.5,12.03,9.95,154.3,436.32,142.8337152
527,104,81,34,17,0.5,12.03,9.94,155.26,436.27,142.8173472
528,104,81,34,17,0.5,12.03,9.94,156.21,436.21,142.7977056
529,105,81,34,17,0.5,12.03,9.94,157.16,436.15,142.778064
530,105,81,34,17,0.5,12.03,9.94,158.59,436.06,142.7486016
531,105,81,34,17,0.5,12.03,9.94,160.02,435.98,142.72241280000003
532,105,81,34,17,0.5,12.03,9.93,160.97,435.94,142.7093184
533,105,81,34,17,0.5,12.03,9.89,161.93,435.96,142.7158656
534,106,81,34,17,0.5,12.03,9.83,163.37,435.99,142.72568640000003
535,106,81,34,17,0.5,12.03,9.76,164.81,436.05,142.745328
536,106,81,34,17,0.5,12.03,9.71,165.77,436.09,142.7584224
537,106,81,34,17,0.5,12.03,10.45,166.61,434.76,142.3230336
538,106,81,34,17,0.5,12.03,10.32,167.6,434.95,142.385232
539,106,81,34,17,0.5,12.03,10.18,168.58,435.16,142.4539776
540,107,81,34,17,0.5,12.03,10.04,169.55,435.37,142.5227232
541,107,81,34,17,0.5,12.03,9.92,170.53,435.56,142.5849216
542,107,81,34,17,0.5,12.03,9.81,171.5,435.72,142.6372992
543,107,81,34,17,0.5,12.03,9.72,172.47,435.85,142.679856
544,107,81,34,17,0.5,12.03,9.63,173.43,435.99,142.72568640000003
545,107,81,34,17,0.5,12.03,9.55,174.4,436.1,142.761696
546,108,81,34,17,0.5,12.03,9.44,175.84,436.27,142.8173472
547,108,81,34,17,0.5,12.03,9.33,177.29,436.44,142.8729984
548,108,81,34,17,0.5,12.03,9.27,178.25,436.53,142.9024608
549,108,81,34,17,0.5,12.03,9.21,179.21,436.62,142.93192320000003
550,108,81,34,17,0.5,12.03,9.11,-179.36,436.79,142.9875744
551,108,81,34,17,0.5,12.03,9.05,-178.4,436.89,143.0203104
552,109,81,34,17,0.5,12.03,8.99,-177.44,436.99,143.0530464
553,109,81,34,17,0.5,12.03,8.93,-176.48,437.09,143.0857824
554,109,81,34,17,0.5,12.03,8.87,-175.52,437.19,143.1185184
555,109,81,34,17,0.5,12.03,8.81,-174.57,437.3,143.154528
556,109,81,34,17,0.5,12.03,8.75,-173.61,437.41,143.19053760000003
557,109,81,34,17,0.5,12.03,8.69,-172.66,437.52,143.2265472
558,109,81,34,17,0.5,12.03,8.63,-171.7,437.63,143.2625568
559,110,81,34,17,0.5,12.03,8.54,-170.27,437.8,143.31820800000003
560,110,81,34,17,0.5,12.03,8.48,-169.31,437.91,143.3542176
561,110,81,34,17,0.5,12.03,8.41,-168.36,438.04,143.39677440000003
562,110,81,34,17,0.5,12.03,8.35,-167.41,438.16,143.43605760000003
563,110,81,34,17,0.5,12.03,8.25,-165.98,438.35,143.49825600000003
564,111,81,34,17,0.5,12.03,8.16,-164.55,438.54,143.5604544
565,111,81,34,17,0.5,12.03,8.09,-163.59,438.67,143.60301120000003
566,111,81,34,17,0.5,12.03,8.02,-162.64,438.81,143.6488416
567,111,81,34,17,0.5,12.03,7.97,-161.21,438.94,143.6913984
568,111,81,34,17,0.5,12.03,7.93,-160.25,439.03,143.7208608
569,111,81,34,17,0.5,12.03,7.9,-159.3,439.11,143.74704960000003
570,112,81,34,17,0.5,12.03,7.86,-158.34,439.21,143.7797856
571,112,81,34,17,0.5,12.03,7.82,-157.39,439.31,143.8125216
572,112,81,34,17,0.5,12.03,7.77,-155.95,439.44,143.8550784
573,112,81,34,17,0.5,12.03,7.73,-155.0,439.55,143.891088
574,112,81,34,17,0.5,12.03,7.99,-153.64,439.21,143.7797856
575,112,81,34,17,0.5,12.03,8.33,-152.77,438.73,143.62265280000003
576,113,81,34,17,0.5,12.03,8.23,-151.8,438.94,143.6913984
577,113,81,34,17,0.5,12.03,8.15,-150.83,439.11,143.74704960000003
578,113,81,34,17,0.5,12.03,8.11,-150.35,439.2,143.776512
579,113,81,34,17,0.5,12.03,8.05,-149.39,439.34,143.8223424
580,113,81,34,17,0.5,12.03,8.0,-148.43,439.47,143.8648992
581,113,81,34,17,0.5,12.03,8.25,-147.39,439.16,143.7634176
582,113,81,34,17,0.5,12.03,9.02,-146.2,438.05,143.400048
583,114,81,34,17,0.5,12.03,10.2,-144.93,436.23,142.80425280000003
584,114,81,34,17,0.5,12.03,10.65,-143.85,435.56,142.5849216
585,114,81,34,17,0.5,12.03,9.5,-143.14,437.52,143.2265472
586,114,81,34,17,0.5,12.03,9.01,-141.81,438.39,143.5113504
587,114,81,34,17,0.5,12.03,8.67,-140.45,439.01,143.7143136
588,115,81,34,17,0.5,12.03,8.42,-139.07,439.48,143.8681728
589,115,81,34,17,0.5,12.03,8.29,-138.14,439.74,143.9532864
590,115,81,34,17,0.5,12.03,8.19,-137.21,439.96,144.0253056
591,115,81,34,17,0.5,12.03,8.07,-135.8,440.24,144.11696640000002
592,115,81,34,17,0.5,12.03,8.0,-134.86,440.41,144.1726176
593,115,81,34,17,0.5,12.03,7.95,-133.92,440.56,144.22172160000002
594,116,81,34,17,0.5,12.03,7.91,-132.97,440.69,144.2642784
595,116,81,34,17,0.5,12.03,7.87,-131.55,440.86,144.31992960000002
596,116,81,34,17,0.5,12.03,7.84,-130.13,441.02,144.3723072
597,116,81,34,17,0.5,12.03,7.82,-128.7,441.17,144.42141120000002
598,116,81,34,17,0.5,12.03,7.81,-127.75,441.27,144.4541472
599,117,81,34,17,0.5,12.03,7.8,-126.32,441.41,144.49997760000002
600,117,81,34,17,0.5,12.03,7.8,-125.37,441.49,144.52616640000002
601,117,81,34,17,0.5,12.03,7.8,-123.94,441.63,144.5719968
602,117,81,34,17,0.5,12.03,7.53,-123.05,442.04,144.70621440000002
603,117,81,34,17,0.5,12.03,7.22,-122.14,442.49,144.85352640000002
604,117,81,34,17,0.5,12.03,7.33,-121.17,442.44,144.83715840000002
605,118,81,34,17,0.5,12.03,7.47,-119.72,442.42,144.83061120000002
606,118,81,34,17,0.5,12.03,7.58,-118.28,442.43,144.83388480000002
607,118,81,34,17,0.5,12.03,7.64,-117.31,442.45,144.840432
608,118,81,34,17,0.5,12.03,7.7,-116.35,442.48,144.85025280000002
609,118,81,34,17,0.5,12.03,7.75,-115.39,442.52,144.86334720000002
610,119,81,34,17,0.5,12.03,7.82,-113.95,442.59,144.8862624
611,119,81,34,17,0.5,12.03,7.86,-113.0,442.64,144.9026304
612,119,81,34,17,0.5,12.03,7.86,-112.04,442.74,144.93536640000002
613,119,81,34,17,0.5,12.03,7.85,-111.09,442.86,144.9746496
614,119,81,34,17,0.5,12.03,7.84,-110.14,442.97,145.01065920000002
615,119,81,34,17,0.5,12.03,7.83,-109.19,443.08,145.0466688
616,120,81,34,17,0.5,12.03,8.11,-107.22,443.0,145.02048000000002
617,120,81,34,17,0.5,12.03,8.45,-105.71,442.82,144.96155520000002
618,120,81,34,17,0.5,12.03,8.39,-104.77,442.99,145.01720640000002
619,120,81,34,17,0.5,12.03,8.34,-103.83,443.16,145.07285760000002
620,120,81,34,17,0.5,12.03,8.31,-102.89,443.3,145.11868800000002
621,120,81,34,17,0.5,12.03,8.3,-101.94,443.42,145.15797120000002
622,121,81,34,17,0.5,12.03,8.3,-100.52,443.59,145.2136224
623,121,81,34,17,0.5,12.03,8.31,-99.57,443.7,145.24963200000002
624,121,81,34,17,0.5,12.03,8.32,-98.62,443.8,145.282368
625,121,81,34,17,0.5,12.03,8.34,-97.68,443.9,145.315104
626,121,81,34,17,0.5,12.03,8.37,-96.73,443.98,145.34129280000002
627,121,81,34,17,0.5,12.03,8.42,-95.3,444.11,145.3838496
628,122,81,34,17,0.5,12.03,8.46,-94.35,444.19,145.4100384
629,122,81,34,17,0.5,12.03,8.52,-92.92,444.32,145.45259520000002
630,122,81,34,17,0.5,12.03,8.56,-91.97,444.4,145.478784
631,122,81,34,17,0.5,12.03,8.63,-90.55,444.52,145.5180672
632,122,81,34,17,0.5,12.03,8.68,-89.6,444.6,145.54425600000002
633,123,81,34,17,0.5,12.03,8.75,-88.17,444.73,145.58681280000002
634,123,81,34,17,0.5,12.03,8.81,-87.22,444.8,145.60972800000002
635,123,81,34,17,0.5,12.03,8.86,-86.27,444.88,145.63591680000002
636,123,81,34,17,0.5,12.03,8.92,-85.32,444.96,145.66210560000002
637,123,81,34,17,0.5,12.03,8.97,-84.37,445.05,145.691568
638,123,81,34,17,0.5,12.03,9.06,-82.95,445.16,145.72757760000002
639,124,81,34,17,0.5,12.03,9.11,-82.0,445.25,145.75704000000002
640,124,81,34,17,0.5,12.03,9.17,-81.05,445.33,145.7832288
641,124,81,34,17,0.5,12.03,9.23,-80.1,445.41,145.80941760000002
642,124,81,34,17,0.5,12.03,9.29,-79.15,445.5,145.83888000000002
643,124,81,34,17,0.5,12.03,9.39,-77.73,445.62,145.87816320000002
644,124,81,34,17,0.5,12.03,9.48,-76.31,445.74,145.91744640000002
645,125,81,34,17,0.5,12.03,9.55,-75.37,445.82,145.94363520000002
646,125,81,34,17,0.5,12.03,9.61,-74.42,445.91,145.97309760000002
647,125,81,34,17,0.5,12.03,9.71,-73.0,446.04,146.01565440000002
648,125,81,34,17,0.5,12.03,9.77,-72.05,446.13,146.04511680000002
649,125,81,34,17,0.5,12.03,9.84,-71.11,446.21,146.07130560000002
650,126,81,34,17,0.5,12.04,9.9,-69.68,446.24,146.08112640000002
651,126,81,34,17,0.5,12.04,9.94,-68.72,446.35,146.11713600000002
652,126,81,34,17,0.5,12.04,9.96,-68.25,446.4,146.133504
653,126,81,34,17,0.5,12.04,10.27,-66.77,446.4,146.133504
654,126,81,34,17,0.5,12.04,10.39,-65.75,446.46,146.15314560000002
655,126,81,34,17,0.5,12.04,9.76,-64.74,447.01,146.33319360000002
656,126,81,34,17,0.5,12.04,8.91,-63.2,447.68,146.55252480000001
657,127,81,34,17,0.5,12.04,8.47,-62.17,448.02,146.66382720000001
658,127,81,34,17,0.5,12.04,8.1,-61.16,448.29,146.7522144
659,127,81,34,17,0.5,12.04,7.83,-60.19,448.5,146.82096
660,127,81,34,17,0.5,12.04,7.63,-59.23,448.66,146.8733376
661,127,81,34,17,0.5,12.04,7.47,-58.27,448.81,146.9224416
662,127,81,34,17,0.5,12.04,7.98,-57.41,448.73,146.8962528
663,128,81,34,17,0.5,12.04,8.42,-56.53,448.66,146.8733376
664,128,81,34,17,0.5,12.04,9.07,-54.76,448.61,146.8569696
665,128,81,34,17,0.5,12.04,9.4,-53.41,448.62,146.8602432
666,128,81,34,17,0.5,12.04,9.65,-52.04,448.67,146.8766112
667,129,81,34,17,0.5,12.04,9.82,-50.66,448.76,146.90607359999998
668,129,81,34,17,0.5,12.04,9.92,-49.74,448.83,146.92898879999998
669,129,81,34,17,0.5,12.04,9.99,-48.81,448.91,146.9551776
670,129,81,34,17,0.5,12.04,10.05,-47.88,448.99,146.9813664
671,129,81,34,17,0.5,12.04,10.12,-46.48,449.12,147.0239232
672,129,81,34,17,0.5,12.04,10.15,-45.54,449.21,147.0533856
673,129,81,34,17,0.5,12.04,10.18,-44.6,449.31,147.0861216
674,130,81,34,17,0.5,12.04,10.21,-43.19,449.45,147.131952
675,130,81,34,17,0.5,12.04,10.23,-42.25,449.55,147.164688
676,130,81,34,17,0.5,12.04,10.25,-40.84,449.69,147.2105184
677,130,81,34,17,0.5,12.04,10.27,-39.89,449.78,147.23998079999998
678,130,81,34,17,0.5,12.04,10.28,-38.95,449.88,147.2727168
679,131,81,34,17,0.5,12.04,10.29,-38.0,449.97,147.3021792
680,131,81,34,17,0.5,12.04,10.3,-36.58,450.11,147.3480096
681,131,81,34,17,0.5,12.04,10.31,-35.16,450.24,147.3905664
682,131,81,34,17,0.5,12.04,10.32,-33.74,450.37,147.4331232
683,131,81,34,17,0.5,12.04,10.66,-32.84,450.34,147.42330239999998
684,132,81,34,17,0.5,12.04,10.66,-31.4,450.48,147.4691328
685,132,81,34,17,0.5,12.04,10.62,-29.96,450.62,147.5149632
686,132,81,34,17,0.5,12.04,10.6,-28.99,450.7,147.541152
687,132,81,34,17,0.5,12.04,10.58,-28.03,450.79,147.5706144
688,132,81,34,17,0.5,12.04,10.57,-27.07,450.87,147.5968032
689,132,81,34,17,0.5,12.04,10.55,-26.11,450.95,147.622992
690,133,81,34,17,0.5,12.04,10.58,-25.16,451.01,147.6426336
691,133,81,34,17,0.5,12.04,10.61,-24.21,451.08,147.6655488
692,133,81,34,17,0.5,12.04,10.67,-22.78,451.16,147.6917376
693,133,81,34,17,0.5,12.04,10.71,-21.83,451.22,147.7113792
694,133,81,34,17,0.5,12.04,10.75,-20.88,451.27,147.72774719999998
695,133,81,34,17,0.5,12.04,10.79,-19.94,451.32,147.7441152
696,134,81,34,17,0.5,12.04,10.84,-18.99,451.37,147.7604832
697,134,81,34,17,0.5,12.04,10.91,-17.56,451.43,147.7801248
698,134,81,34,17,0.5,12.04,10.31,-16.59,451.62,147.8423232
699,134,81,34,17,0.5,12.04,10.04,-15.62,451.71,147.8717856
700,134,81,34,17,0.5,12.04,10.31,-14.23,451.73,147.8783328
701,134,81,34,17,0.5,12.04,10.45,-13.3,451.75,147.88488
702,135,81,34,17,0.5,12.04,10.63,-11.89,451.78,147.8947008
703,135,81,34,17,0.5,12.04,10.72,-10.94,451.8,147.901248
704,135,81,34,17,0.5,12.04,10.81,-10.0,451.81,147.9045216
705,135,81,34,17,0.5,12.04,10.95,-8.58,451.83,147.91106879999998
706,135,81,34,17,0.5,12.04,11.02,-7.63,451.85,147.917616
707,135,81,34,17,0.5,12.04,11.1,-6.68,451.86,147.9208896
708,136,81,34,17,0.5,12.04,11.17,-5.72,451.87,147.9241632
709,136,81,34,17,0.5,12.04,11.23,-4.77,451.88,147.9274368
710,136,81,34,17,0.5,12.04,11.3,-3.82,451.88,147.9274368
711,136,81,34,17,0.5,12.04,11.36,-2.86,451.89,147.9307104
712,136,81,34,17,0.5,12.04,11.42,-1.9,451.89,147.9307104
713,136,81,34,17,0.5,12.04,11.48,-0.95,451.89,147.9307104
714,137,81,34,17,0.5,12.04,11.54,0.01,451.88,147.9274368
715,137,81,34,17,0.5,12.04,11.59,0.97,451.88,147.9274368
716,137,81,34,17,0.5,12.04,11.68,2.41,451.86,147.9208896
717,137,81,34,17,0.5,12.04,11.74,3.37,451.85,147.917616
718,137,81,34,17,0.5,12.04,11.8,4.33,451.83,147.91106879999998
719,137,81,34,17,0.5,12.04,11.86,5.29,451.81,147.9045216
720,138,81,34,17,0.5,12.04,11.92,6.25,451.78,147.8947008
721,138,81,34,17,0.5,12.04,12.01,7.68,451.74,147.8816064
722,138,81,34,17,0.5,12.04,12.07,8.64,451.71,147.8717856
723,138,81,34,17,0.5,12.04,12.16,10.08,451.65,147.852144
724,138,81,34,17,0.5,12.04,12.22,11.04,451.61,147.8390496
725,138,81,34,17,0.5,12.04,12.32,12.48,451.54,147.8161344
726,139,81,34,17,0.5,12.04,12.38,13.44,451.49,147.7997664
727,139,81,34,17,0.5,12.04,12.46,14.88,451.41,147.7735776
728,139,81,34,17,0.5,12.04,12.51,16.33,451.34,147.7506624
729,139,81,34,17,0.5,12.04,12.55,17.29,451.28,147.73102079999998
730,139,81,34,17,0.5,12.04,12.58,18.25,451.22,147.7113792
731,140,81,34,17,0.5,12.04,12.61,19.22,451.17,147.6950112
732,140,81,34,17,0.5,12.04,12.39,20.16,451.2,147.704832
733,140,81,34,17,0.5,12.04,11.48,21.61,451.43,147.7801248
734,140,81,34,17,0.5,12.04,10.77,23.08,451.53,147.81286079999998
735,140,81,34,17,0.5,12.04,11.1,24.01,451.4,147.770304
736,141,81,34,17,0.5,12.04,11.5,25.4,451.2,147.704832
737,141,81,34,17,0.5,12.04,11.71,26.34,451.07,147.6622752
738,141,81,34,17,0.5,12.04,11.88,27.27,450.94,147.6197184
739,141,81,34,17,0.5,12.04,12.02,28.21,450.82,147.5804352
740,141,81,34,17,0.5,12.04,12.12,29.15,450.71,147.5444256
741,141,81,34,17,0.5,12.04,12.21,30.1,450.6,147.508416
742,141,81,34,17,0.5,12.04,12.31,31.52,450.44,147.4560384
743,142,81,34,17,0.5,12.04,12.36,32.46,450.34,147.42330239999998
744,142,81,34,17,0.5,12.04,12.45,33.88,450.17,147.3676512
745,142,81,34,17,0.5,12.04,12.52,34.82,450.05,147.328368
746,142,81,34,17,0.5,12.04,11.6,36.04,450.33,147.42002879999998
747,142,81,34,17,0.5,12.04,11.53,37.46,450.22,147.3840192
748,143,81,34,17,0.5,12.04,11.75,38.44,450.04,147.3250944
749,143,81,34,17,0.5,12.04,11.92,39.41,449.86,147.2661696
750,143,81,34,17,0.5,12.04,12.07,40.38,449.69,147.2105184
751,143,81,34,17,0.5,12.04,12.23,41.83,449.45,147.131952
752,143,81,34,17,0.5,12.04,12.32,42.79,449.3,147.082848
753,143,81,34,17,0.5,12.04,12.39,43.75,449.15,147.03374399999998
754,144,81,34,17,0.5,12.04,12.45,44.71,449.0,146.98464
755,144,81,34,17,0.5,12.04,12.49,45.67,448.86,146.9388096
756,144,81,34,17,0.5,12.04,12.53,46.62,448.72,146.8929792
757,144,81,34,17,0.5,12.04,12.56,47.58,448.58,146.8471488
758,144,81,34,17,0.5,12.04,12.58,48.53,448.44,146.80131839999999
759,144,81,34,17,0.5,12.04,12.6,49.48,448.3,146.755488
760,144,81,34,17,0.5,12.04,12.62,50.44,448.16,146.7096576
761,145,81,34,17,0.5,12.04,12.63,51.39,448.02,146.66382720000001
762,145,81,34,17,0.5,12.04,12.64,52.82,447.82,146.5983552
763,145,81,34,17,0.5,12.04,12.64,53.77,447.68,146.55252480000001
764,145,81,34,17,0.5,12.04,12.94,55.33,447.25,146.41176000000002
765,145,81,34,17,0.5,12.04,12.91,56.28,447.12,146.36920320000002
766,146,81,34,17,0.5,12.04,12.87,57.24,447.01,146.33319360000002
767,146,81,34,17,0.5,12.04,12.83,58.19,446.89,146.2939104
768,146,81,34,17,0.5,12.04,12.77,59.62,446.71,146.2349856
769,146,81,34,17,0.5,12.04,12.74,60.58,446.58,146.1924288
770,146,81,34,17,0.5,12.04,12.7,61.54,446.46,146.15314560000002
771,146,81,34,17,0.5,12.04,12.67,62.5,446.33,146.1105888
772,147,81,34,17,0.5,12.04,12.64,63.46,446.2,146.06803200000002
773,147,81,34,17,0.5,12.04,12.61,64.42,446.07,146.02547520000002
774,147,81,34,17,0.5,12.04,12.58,65.38,445.93,145.97964480000002
775,147,81,34,17,0.5,12.04,12.53,66.82,445.74,145.91744640000002
776,147,81,34,17,0.5,12.04,12.5,67.78,445.6,145.87161600000002
777,147,81,34,17,0.5,12.04,12.45,69.22,445.4,145.806144
778,148,81,34,17,0.5,12.04,12.44,70.66,445.17,145.73085120000002
779,148,81,34,17,0.5,12.04,12.46,71.63,444.98,145.66865280000002
780,148,81,34,17,0.5,12.04,12.47,72.59,444.81,145.61300160000002
781,148,81,34,17,0.5,12.04,12.48,73.56,444.63,145.55407680000002
782,148,81,34,17,0.5,12.04,12.5,75.01,444.36,145.46568960000002
783,149,81,34,17,0.5,12.04,12.2,76.41,444.39,145.4755104
784,149,81,34,17,0.5,12.04,11.43,77.31,444.92,145.64901120000002
785,149,81,34,17,0.5,12.04,11.58,78.31,444.63,145.55407680000002
786,149,81,34,17,0.5,12.04,11.78,79.8,444.2,145.413312
787,149,81,34,17,0.5,12.04,11.91,81.28,443.82,145.2889152
788,149,81,34,17,0.5,12.04,11.98,82.27,443.59,145.2136224
789,150,81,34,17,0.5,12.04,12.02,83.25,443.38,145.14487680000002
790,150,81,34,17,0.5,12.04,12.05,84.23,443.17,145.0761312
791,150,81,34,17,0.5,12.04,12.05,85.21,443.0,145.02048000000002
792,150,81,34,17,0.5,12.04,12.05,86.19,442.83,144.96482880000002
793,150,81,34,17,0.5,12.04,12.03,87.17,442.68,144.91572480000002
794,150,81,34,17,0.5,12.04,12.01,88.15,442.53,144.8666208
795,151,81,34,17,0.5,12.04,11.97,89.61,442.31,144.7946016
796,151,81,34,17,0.5,12.04,11.93,90.59,442.18,144.75204480000002
797,151,81,34,17,0.5,12.04,11.87,92.05,441.99,144.6898464
798,151,81,34,17,0.5,12.04,11.82,93.02,441.88,144.65383680000002
799,151,81,34,17,0.5,12.04,11.75,94.48,441.7,144.594912
800,151,81,34,17,0.5,12.04,11.7,95.45,441.59,144.5589024
801,152,81,34,17,0.5,12.04,11.59,97.4,441.38,144.4901568
802,152,81,34,17,0.5,12.04,11.53,98.37,441.28,144.4574208
803,152,81,34,17,0.5,12.04,11.44,99.83,441.14,144.4115904
804,152,81,34,17,0.5,12.04,11.38,100.8,441.05,144.382128
805,152,81,34,17,0.5,12.04,11.35,101.76,440.93,144.34284480000002
806,153,81,34,17,0.5,12.04,11.3,103.21,440.75,144.28392
807,153,81,34,17,0.5,12.04,11.26,104.17,440.64,144.2479104
808,153,81,34,17,0.5,12.04,11.23,105.14,440.52,144.2086272
809,153,81,34,17,0.5,12.04,11.2,106.11,440.4,144.169344
810,153,81,34,17,0.5,12.04,11.16,107.07,440.29,144.13333440000002
811,153,81,34,17,0.5,12.04,11.13,108.04,440.17,144.0940512
812,154,81,34,17,0.5,12.04,11.1,109.0,440.06,144.0580416
813,154,81,34,17,0.5,12.04,11.06,109.97,439.96,144.0253056
814,154,81,34,17,0.5,12.04,11.01,111.42,439.8,143.972928
815,154,81,34,17,0.5,12.04,10.97,112.38,439.7,143.940192
816,154,81,34,17,0.5,12.04,10.92,113.83,439.55,143.891088
817,154,81,34,17,0.5,12.04,10.88,114.8,439.45,143.858352
818,155,81,34,17,0.5,12.04,10.85,115.76,439.35,143.82561600000002
819,155,81,34,17,0.5,12.04,10.22,116.61,440.06,144.0580416
820,155,81,34,17,0.5,12.04,10.24,117.6,439.9,144.005664
821,155,81,34,17,0.5,12.04,10.26,118.59,439.74,143.9532864
822,155,81,34,17,0.5,12.04,10.25,120.06,439.55,143.891088
823,155,81,34,17,0.5,12.04,10.23,121.03,439.45,143.858352
824,156,81,34,17,0.5,12.04,10.2,122.01,439.36,143.82888960000002
825,156,81,34,17,0.5,12.04,10.17,122.97,439.27,143.7994272
826,156,81,34,17,0.5,12.04,10.13,123.94,439.2,143.776512
827,156,81,34,17,0.5,12.04,10.03,125.86,439.09,143.7405024
828,156,81,34,17,0.5,12.04,10.0,126.82,439.02,143.7175872
829,156,81,34,17,0.5,12.04,9.98,127.78,438.93,143.6881248
830,157,81,34,17,0.5,12.04,9.96,128.75,438.84,143.6586624
831,157,81,34,17,0.5,12.04,10.74,129.56,437.59,143.2494624
832,157,81,34,17,0.5,12.04,12.03,130.26,435.47,142.5554592
833,157,81,34,17,0.5,12.04,11.08,131.75,436.79,142.9875744
834,157,81,34,17,0.5,12.04,10.87,132.73,436.99,143.0530464
835,157,81,34,17,0.5,12.04,10.7,133.71,437.14,143.1021504
836,158,81,34,17,0.5,12.04,10.51,135.16,437.26,143.1414336
837,158,81,34,17,0.5,12.04,10.4,136.13,437.32,143.1610752
838,158,81,34,17,0.5,12.04,10.32,137.09,437.34,143.1676224
839,158,81,34,17,0.5,12.04,10.25,138.06,437.34,143.1676224
840,158,81,34,17,0.5,12.04,10.19,139.02,437.33,143.1643488
841,159,81,34,17,0.5,12.04,10.12,140.45,437.29,143.1512544
842,159,81,34,17,0.5,12.04,10.07,141.89,437.23,143.13161280000003
843,159,81,34,17,0.5,12.04,10.04,142.84,437.18,143.1152448
844,159,81,34,17,0.5,12.04,10.02,143.8,437.12,143.0956032
845,159,81,34,17,0.5,12.04,9.99,145.23,437.04,143.0694144
846,159,81,34,17,0.5,12.04,9.97,146.66,436.94,143.0366784
847,160,81,34,17,0.5,12.04,9.96,147.62,436.88,143.0170368
848,160,81,34,17,0.5,12.04,9.95,148.57,436.81,142.9941216
849,160,81,34,17,0.5,12.04,9.94,149.53,436.75,142.97448
850,160,81,34,17,0.5,12.04,9.93,150.48,436.69,142.9548384
851,160,81,34,17,0.5,12.04,9.93,151.43,436.61,142.92864960000003
852,160,81,34,17,0.5,12.04,9.92,152.39,436.56,142.9122816
853,161,81,34,17,0.5,12.04,9.92,153.34,436.48,142.8860928
854,161,81,34,17,0.5,12.04,9.92,154.77,436.38,142.8533568
855,161,81,34,17,0.5,12.04,9.91,155.72,436.33,142.8369888
856,161,81,34,17,0.5,12.04,9.91,156.67,436.27,142.8173472
857,161,81,34,17,0.5,12.04,9.91,157.63,436.21,142.7977056
858,161,81,34,17,0.5,12.04,9.91,158.58,436.15,142.778064
859,162,81,34,17,0.5,12.05,9.91,159.53,436.12,142.7682432
860,162,81,34,17,0.5,12.05,9.9,160.49,436.08,142.7551488
861,162,81,34,17,0.5,12.05,9.9,161.44,436.03,142.7387808
862,162,81,34,17,0.5,12.05,9.84,162.88,436.05,142.745328
863,162,81,34,17,0.5,12.05,9.8,163.84,436.07,142.7518752
864,162,81,34,17,0.5,12.05,9.73,165.28,436.12,142.7682432
865,163,81,34,17,0.5,12.05,9.68,166.23,436.16,142.7813376
866,163,81,34,17,0.5,12.05,9.98,167.16,435.6,142.59801600000003
867,163,81,34,17,0.5,12.05,9.92,168.13,435.67,142.62093120000003
868,163,81,34,17,0.5,12.05,9.85,169.1,435.75,142.64712
869,163,81,34,17,0.5,12.05,9.78,170.07,435.84,142.6765824
870,163,81,34,17,0.5,12.05,9.67,171.52,435.98,142.72241280000003
871,164,81,34,17,0.5,12.05,9.6,172.48,436.07,142.7518752
872,164,81,34,17,0.5,12.05,9.53,173.45,436.17,142.7846112
873,164,81,34,17,0.5,12.05,9.47,174.41,436.25,142.8108
874,164,81,34,17,0.5,12.05,9.41,175.37,436.33,142.8369888
875,164,81,34,17,0.5,12.05,9.35,176.33,436.41,142.8631776
876,164,81,34,17,0.5,12.05,9.29,177.3,436.5,142.89264
877,164,81,34,17,0.5,12.05,9.23,178.26,436.59,142.9221024
878,165,81,34,17,0.5,12.05,9.18,179.21,436.66,142.9450176
879,165,81,34,17,0.5,12.05,9.12,-179.83,436.75,142.97448
880,165,81,34,17,0.5,12.05,9.06,-178.87,436.85,143.00721600000003
881,165,81,34,17,0.5,12.05,9.01,-177.91,436.92,143.03013120000003
882,165,81,34,17,0.5,12.05,8.95,-176.95,437.02,143.0628672
883,165,81,34,17,0.5,12.05,8.89,-176.0,437.12,143.0956032
884,165,81,34,17,0.5,12.05,8.83,-175.04,437.22,143.12833920000003
885,166,81,34,17,0.5,12.05,8.74,-173.61,437.38,143.1807168
886,166,81,34,17,0.5,12.05,8.68,-172.65,437.49,143.21672640000003
887,166,81,34,17,0.5,12.05,8.62,-171.69,437.59,143.2494624
888,166,81,34,17,0.5,12.05,8.56,-170.74,437.7,143.285472
889,166,81,34,17,0.5,12.05,8.5,-169.78,437.81,143.3214816
890,166,81,34,17,0.5,12.05,8.44,-168.83,437.92,143.3574912
891,167,81,34,17,0.5,12.05,8.38,-167.88,438.04,143.39677440000003
892,167,81,34,17,0.5,12.05,8.28,-166.45,438.23,143.4589728
893,167,81,34,17,0.5,12.05,8.22,-165.49,438.34,143.4949824
894,167,81,34,17,0.5,12.05,8.12,-164.06,438.54,143.5604544
895,167,81,34,17,0.5,12.05,8.05,-163.11,438.67,143.60301120000003
896,168,81,34,17,0.5,12.05,8.02,-162.15,438.75,143.62920000000003
897,168,81,34,17,0.5,12.05,7.97,-160.72,438.87,143.6684832
898,168,81,34,17,0.5,12.05,7.9,-158.81,439.04,143.72413440000003
899,168,81,34,17,0.5,12.05,7.86,-157.85,439.14,143.7568704
900,168,81,34,17,0.5,12.05,7.83,-156.89,439.22,143.78305920000003
901,168,81,34,17,0.5,12.05,7.79,-155.94,439.32,143.8157952
902,169,81,34,17,0.5,12.05,7.74,-154.5,439.45,143.858352
903,169,81,34,17,0.5,12.05,7.71,-153.54,439.54,143.8878144
904,169,81,34,17,0.5,12.05,8.33,-152.28,438.64,143.5931904
905,169,81,34,17,0.5,12.05,8.23,-151.31,438.85,143.661936
906,169,81,34,17,0.5,12.05,8.15,-150.34,439.02,143.7175872
907,170,81,34,17,0.5,12.05,8.05,-148.89,439.25,143.79288
908,170,81,34,17,0.5,12.05,8.01,-147.93,439.36,143.82888960000002
909,170,81,34,17,0.5,12.05,7.97,-146.98,439.47,143.8648992
910,170,81,34,17,0.5,12.05,8.22,-145.94,439.16,143.7634176
911,170,81,34,17,0.5,12.05,9.59,-144.13,437.13,143.0988768
912,171,81,34,17,0.5,12.05,9.27,-142.25,437.79,143.31493440000003
913,171,81,34,17,0.5,12.05,8.86,-140.91,438.53,143.5571808
914,171,81,34,17,0.5,12.05,8.65,-140.0,438.92,143.6848512
915,171,81,34,17,0.5,12.05,8.48,-139.08,439.24,143.7896064
916,171,81,34,17,0.5,12.05,8.34,-138.15,439.51,143.8779936
917,171,81,34,17,0.5,12.05,8.23,-137.22,439.74,143.9532864
918,172,81,34,17,0.5,12.05,8.1,-135.82,440.04,144.05149440000002
919,172,81,34,17,0.5,12.05,8.03,-134.88,440.21,144.1071456
920,172,81,34,17,0.5,12.05,7.98,-133.93,440.35,144.15297600000002
921,172,81,34,17,0.5,12.05,7.93,-132.99,440.5,144.20208
922,172,81,34,17,0.5,12.05,7.9,-132.04,440.61,144.23808960000002
923,172,81,34,17,0.5,12.05,7.87,-131.09,440.73,144.2773728
924,173,81,34,17,0.5,12.05,7.85,-130.15,440.84,144.3133824
925,173,81,34,17,0.5,12.05,7.84,-129.2,440.93,144.34284480000002
926,173,81,34,17,0.5,12.05,7.83,-128.25,441.02,144.3723072
927,173,81,34,17,0.5,12.05,7.82,-127.3,441.12,144.4050432
928,173,81,34,17,0.5,12.05,7.81,-126.35,441.22,144.43777920000002
929,173,81,34,17,0.5,12.05,7.81,-125.4,441.3,144.463968
930,173,81,34,17,0.5,12.05,7.81,-124.45,441.39,144.4934304
931,174,81,34,17,0.5,12.05,7.18,-123.6,442.24,144.7716864
932,174,81,34,17,0.5,12.05,7.27,-122.63,442.21,144.76186560000002
933,174,81,34,17,0.5,12.05,7.37,-121.67,442.18,144.75204480000002
934,174,81,34,17,0.5,12.05,7.5,-120.22,442.15,144.742224
935,174,81,34,17,0.5,12.05,7.57,-119.26,442.16,144.74549760000002
936,174,81,34,17,0.5,12.05,7.63,-118.29,442.18,144.75204480000002
937,175,81,34,17,0.5,12.05,7.69,-117.33,442.2,144.75859200000002
938,175,81,34,17,0.5,12.05,7.71,-116.86,442.22,144.7651392
939,175,81,34,17,0.5,12.05,7.76,-115.9,442.26,144.7782336
940,175,81,34,17,0.5,12.05,7.8,-114.94,442.31,144.7946016
941,175,81,34,17,0.5,12.05,7.85,-113.98,442.35,144.80769600000002
942,175,81,34,17,0.5,12.05,7.9,-112.54,442.44,144.83715840000002
943,175,81,34,17,0.5,12.05,7.9,-111.59,442.54,144.8698944
944,176,81,34,17,0.5,12.05,7.88,-110.17,442.72,144.92881920000002
945,176,81,34,17,0.5,12.05,7.87,-108.74,442.88,144.9811968
946,176,81,34,17,0.5,12.05,7.85,-107.79,443.0,145.02048000000002
947,176,81,34,17,0.5,12.05,8.15,-106.29,442.85,144.971376
948,176,81,34,17,0.5,12.05,8.16,-105.34,442.95,145.004112
949,177,81,34,17,0.5,12.05,8.15,-104.39,443.07,145.04339520000002
950,177,81,34,17,0.5,12.05,8.16,-103.44,443.17,145.0761312
951,177,81,34,17,0.5,12.05,8.16,-102.49,443.28,145.1121408
952,177,81,34,17,0.5,12.05,8.18,-101.54,443.37,145.14160320000002
953,177,81,34,17,0.5,12.05,8.2,-100.59,443.46,145.1710656
954,177,81,34,17,0.5,12.05,8.23,-99.64,443.54,145.19725440000002
955,177,81,34,17,0.5,12.05,8.26,-98.69,443.63,145.22671680000002
956,178,81,34,17,0.5,12.05,8.31,-97.26,443.75,145.26600000000002
957,178,81,34,17,0.5,12.05,8.35,-96.31,443.83,145.2921888
958,178,81,34,17,0.5,12.05,8.39,-95.36,443.91,145.31837760000002
959,178,81,34,17,0.5,12.05,8.43,-94.41,443.98,145.34129280000002
960,178,81,34,17,0.5,12.05,8.47,-93.46,444.07,145.37075520000002
961,178,81,34,17,0.5,12.05,8.52,-92.51,444.14,145.3936704
962,179,81,34,17,0.5,12.05,8.57,-91.56,444.21,145.4165856
963,179,81,34,17,0.5,12.05,8.61,-90.61,444.3,145.44604800000002
964,179,81,34,17,0.5,12.05,8.66,-89.66,444.38,145.47223680000002
965,179,81,34,17,0.5,12.05,8.72,-88.71,444.45,145.495152
966,179,81,34,17,0.5,12.05,8.79,-87.29,444.57,145.53443520000002
967,180,81,34,17,0.5,12.05,8.88,-85.87,444.68,145.57044480000002
968,180,81,34,17,0.5,12.05,8.93,-84.92,444.76,145.5966336
969,180,81,34,17,0.5,12.05,9.02,-83.5,444.88,145.63591680000002
970,180,81,34,17,0.5,12.05,9.1,-82.08,445.0,145.67520000000002
971,180,81,34,17,0.5,12.05,9.16,-81.13,445.08,145.7013888
972,180,81,34,17,0.5,12.05,9.22,-80.19,445.16,145.72757760000002
973,181,81,34,17,0.5,12.05,9.28,-79.24,445.25,145.75704000000002
974,181,81,34,17,0.5,12.05,9.38,-77.82,445.36,145.79304960000002
975,181,81,34,17,0.5,12.05,9.44,-76.88,445.45,145.822512
976,181,81,34,17,0.5,12.05,9.5,-75.93,445.53,145.8487008
977,181,81,34,17,0.5,12.05,9.57,-74.99,445.61,145.87488960000002
978,181,81,34,17,0.5,12.05,9.63,-74.05,445.7,145.904352
979,182,81,34,17,0.5,12.05,9.7,-73.1,445.78,145.9305408
980,182,81,34,17,0.5,12.05,9.76,-72.16,445.87,145.96000320000002
981,182,81,34,17,0.5,12.05,9.82,-71.21,445.96,145.9894656
982,182,81,34,17,0.5,12.05,9.85,-70.26,446.07,146.02547520000002
983,182,81,34,17,0.5,12.05,9.89,-69.3,446.18,146.06148480000002
984,182,81,34,17,0.5,12.05,9.93,-68.35,446.28,146.0942208
985,182,81,34,17,0.5,12.05,9.96,-67.4,446.4,146.133504
986,183,81,34,17,0.5,12.05,10.6,-66.35,446.1,146.03529600000002
987,183,81,34,17,0.5,12.05,10.61,-65.4,446.23,146.07785280000002
988,183,81,34,17,0.5,12.05,10.58,-64.46,446.39,146.1302304
989,183,81,34,17,0.5,12.05,10.01,-63.49,446.9,146.297184
990,183,81,34,17,0.5,12.05,9.39,-62.46,447.41,146.46413760000002
991,183,81,34,17,0.5,12.05,8.86,-61.41,447.81,146.5950816
992,183,81,34,17,0.5,12.05,8.42,-60.38,448.14,146.70311039999999
993,184,81,34,17,0.5,12.05,8.05,-59.35,448.4,146.788224
994,184,81,34,17,0.5,12.05,7.8,-58.38,448.6,146.853696
995,184,81,34,17,0.5,12.05,7.6,-57.42,448.76,146.90607359999998
996,184,81,34,17,0.5,12.05,8.01,-56.1,448.76,146.90607359999998
997,184,81,34,17,0.5,12.05,8.45,-55.22,448.7,146.886432
998,184,81,34,17,0.5,12.05,8.81,-54.34,448.65,146.870064
999,185,81,34,17,0.5,12.05,9.23,-53.0,448.64,146.8667904
1000,185,81,34,17,0.5,12.05,9.53,-51.64,448.67,146.8766112
1001,185,81,34,17,0.5,12.05,9.68,-50.73,448.71,146.8897056
1002,185,81,34,17,0.5,12.05,9.81,-49.81,448.76,146.90607359999998
1003,185,81,34,17,0.5,12.05,9.91,-48.88,448.83,146.92898879999998
1004,186,81,34,17,0.5,12.05,9.99,-47.96,448.9,146.951904
1005,186,81,34,17,0.5,12.05,10.06,-47.03,448.98,146.9780928
1006,186,81,34,17,0.5,12.05,10.11,-46.09,449.07,147.00755519999998
1007,186,81,34,17,0.5,12.05,10.18,-44.69,449.2,147.050112
1008,186,81,34,17,0.5,12.05,10.21,-43.75,449.29,147.0795744
1009,186,81,34,17,0.5,12.05,10.24,-42.81,449.38,147.10903679999998
1010,187,81,34,17,0.5,12.05,10.27,-41.4,449.53,147.1581408
1011,187,81,34,17,0.5,12.05,10.29,-40.46,449.62,147.1876032
1012,187,81,34,17,0.5,12.05,10.3,-39.51,449.72,147.2203392
1013,187,81,34,17,0.5,12.05,10.31,-38.57,449.81,147.2498016
1014,187,81,34,17,0.5,12.05,10.33,-37.62,449.9,147.279264
1015,187,81,34,17,0.5,12.05,10.34,-36.68,449.99,147.3087264
1016,187,81,34,17,0.5,12.05,10.35,-35.73,450.09,147.34146239999998
1017,188,81,34,17,0.5,12.05,10.69,-34.36,450.1,147.344736
1018,188,81,34,17,0.5,12.05,10.98,-33.51,450.08,147.3381888
1019,188,81,34,17,0.5,12.05,10.88,-32.04,450.26,147.3971136
1020,188,81,34,17,0.5,12.05,10.79,-30.59,450.43,147.4527648
1021,188,81,34,17,0.5,12.05,10.75,-29.62,450.53,147.4855008
1022,189,81,34,17,0.5,12.05,10.71,-28.65,450.62,147.5149632
1023,189,81,34,17,0.5,12.05,10.68,-27.69,450.71,147.5444256
1024,189,81,34,17,0.5,12.05,10.66,-26.72,450.8,147.573888
1025,189,81,34,17,0.5,12.05,10.63,-25.28,450.92,147.6131712
1026,189,81,34,17,0.5,12.05,10.65,-24.33,450.99,147.6360864
1027,189,81,34,17,0.5,12.05,10.68,-23.38,451.05,147.655728
1028,190,81,34,17,0.5,12.05,10.74,-21.48,451.17,147.6950112
1029,190,81,34,17,0.5,12.05,10.78,-20.53,451.22,147.7113792
1030,190,81,34,17,0.5,12.05,10.82,-19.58,451.28,147.73102079999998
1031,190,81,34,17,0.5,12.05,10.86,-18.63,451.33,147.7473888
1032,190,81,34,17,0.5,12.05,10.93,-17.21,451.4,147.770304
1033,191,81,34,17,0.5,12.05,10.97,-16.26,451.44,147.7833984
1034,191,81,34,17,0.5,12.05,10.41,-14.82,451.64,147.8488704
1035,191,81,34,17,0.5,12.05,10.53,-13.88,451.66,147.8554176
1036,191,81,34,17,0.5,12.05,10.64,-12.94,451.69,147.8652384
1037,191,81,34,17,0.5,12.05,10.74,-11.99,451.71,147.8717856
1038,191,81,34,17,0.5,12.05,10.82,-11.05,451.73,147.8783328
1039,192,81,34,17,0.5,12.05,10.89,-10.1,451.76,147.8881536
1040,192,81,34,17,0.5,12.05,10.95,-9.15,451.78,147.8947008
1041,192,81,34,17,0.5,12.05,11.02,-8.2,451.8,147.901248
1042,192,81,34,17,0.5,12.05,11.09,-7.25,451.81,147.9045216
1043,192,81,34,17,0.5,12.05,11.15,-6.3,451.83,147.91106879999998
1044,192,81,34,17,0.5,12.05,11.21,-5.34,451.84,147.91434239999998
1045,192,81,34,17,0.5,12.05,11.28,-4.39,451.85,147.917616
1046,193,81,34,17,0.5,12.05,11.34,-3.43,451.86,147.9208896
1047,193,81,34,17,0.5,12.05,11.39,-2.47,451.87,147.9241632
1048,193,81,34,17,0.5,12.05,11.45,-1.52,451.87,147.9241632
1049,193,81,34,17,0.5,12.05,11.51,-0.56,451.87,147.9241632
1050,193,81,34,17,0.5,12.05,11.6,0.88,451.86,147.9208896
1051,193,81,34,17,0.5,12.05,11.65,1.84,451.86,147.9208896
1052,194,81,34,17,0.5,12.05,11.71,2.8,451.85,147.917616
1053,194,81,34,17,0.5,12.05,11.77,3.76,451.84,147.91434239999998
1054,194,81,34,17,0.5,12.05,11.83,4.72,451.82,147.9077952
1055,194,81,34,17,0.5,12.05,11.91,6.16,451.79,147.8979744
1056,194,81,34,17,0.5,12.05,11.97,7.11,451.76,147.8881536
1057,194,81,34,17,0.5,12.05,12.03,8.07,451.74,147.8816064
1058,195,81,34,17,0.5,12.05,12.1,9.03,451.7,147.868512
1059,195,81,34,17,0.5,12.05,12.19,10.47,451.65,147.852144
1060,195,81,34,17,0.5,12.05,12.25,11.43,451.61,147.8390496
1061,195,81,34,17,0.5,12.05,12.31,12.39,451.57,147.8259552
1062,195,81,34,17,0.5,12.05,12.38,13.35,451.51,147.8063136
1063,195,81,34,17,0.5,12.05,12.43,14.31,451.47,147.7932192
1064,195,81,34,17,0.5,12.05,12.46,15.28,451.42,147.7768512
1065,196,81,34,17,0.5,12.05,12.49,16.24,451.38,147.7637568
1066,196,81,34,17,0.5,12.05,12.51,16.72,451.35,147.753936
1067,196,81,34,17,0.5,12.05,12.54,17.68,451.3,147.737568
1068,196,81,34,17,0.5,12.05,12.56,18.17,451.27,147.72774719999998
1069,196,81,34,17,0.5,12.05,12.59,19.13,451.22,147.7113792
1070,196,81,34,17,0.5,12.05,12.62,20.09,451.16,147.6917376
1071,196,81,34,17,0.5,12.05,12.07,21.02,451.31,147.7408416
1072,197,81,34,17,0.5,12.05,11.47,22.0,451.45,147.786672
1073,197,81,34,17,0.5,12.05,11.1,23.45,451.47,147.7932192
1074,197,81,34,17,0.5,12.05,11.39,24.39,451.34,147.7506624
1075,197,81,34,17,0.5,12.05,11.61,25.32,451.22,147.7113792
1076,197,81,34,17,0.5,12.05,11.88,26.72,451.04,147.6524544
1077,197,81,34,17,0.5,12.05,12.01,27.66,450.92,147.6131712
1078,198,81,34,17,0.5,12.06,12.12,28.6,450.87,147.5968032
1079,198,81,34,17,0.5,12.06,12.24,30.02,450.72,147.5476992
1080,198,81,34,17,0.5,12.06,12.33,31.44,450.57,147.4985952
1081,198,81,34,17,0.5,12.06,12.39,32.86,450.42,147.4494912
1082,198,81,34,17,0.5,12.06,12.45,34.28,450.27,147.4003872
1083,199,81,34,17,0.5,12.06,12.51,35.23,450.16,147.3643776
1084,199,81,34,17,0.5,12.06,12.56,36.17,450.05,147.328368
1085,199,81,34,17,0.5,12.06,11.62,37.4,450.34,147.42330239999998
1086,199,81,34,17,0.5,12.06,11.8,38.38,450.17,147.3676512
1087,199,81,34,17,0.5,12.06,12.03,39.84,449.93,147.2890848
1088,200,81,34,17,0.5,12.06,12.15,40.8,449.77,147.23670719999998
1089,200,81,34,17,0.5,12.06,12.25,41.77,449.62,147.1876032
1090,200,81,34,17,0.5,12.06,12.33,42.73,449.48,147.1417728
1091,200,81,34,17,0.5,12.06,12.4,43.69,449.33,147.0926688
1092,200,81,34,17,0.5,12.06,12.45,44.65,449.19,147.0468384
1093,200,81,34,17,0.5,12.06,12.52,46.08,448.99,146.9813664
1094,201,81,34,17,0.5,12.06,12.55,47.03,448.85,146.935536
1095,201,81,34,17,0.5,12.06,12.58,48.46,448.65,146.870064
1096,201,81,34,17,0.5,12.06,12.6,49.89,448.46,146.80786559999999
1097,201,81,34,17,0.5,12.06,12.61,50.84,448.33,146.7653088
1098,201,81,34,17,0.5,12.06,12.62,51.8,448.19,146.7194784
1099,201,81,34,17,0.5,12.06,12.63,52.75,448.05,146.67364800000001
1100,202,81,34,17,0.5,12.06,13.33,53.97,447.41,146.46413760000002
1101,202,81,34,17,0.5,12.06,13.3,54.92,447.29,146.42485440000002
1102,202,81,34,17,0.5,12.06,13.13,56.32,447.2,146.395392
1103,202,81,34,17,0.5,12.06,13.0,57.74,447.08,146.35610880000002
1104,202,81,34,17,0.5,12.06,12.93,58.69,446.98,146.32337280000002
1105,202,81,34,17,0.5,12.06,12.86,59.64,446.89,146.2939104
1106,203,81,34,17,0.5,12.06,12.81,60.59,446.77,146.25462720000002
1107,203,81,34,17,0.5,12.06,12.76,61.55,446.66,146.21861760000002
1108,203,81,34,17,0.5,12.06,12.69,62.98,446.49,146.16296640000002
1109,203,81,34,17,0.5,12.06,12.64,63.94,446.37,146.12368320000002
1110,203,81,34,17,0.5,12.06,12.6,64.9,446.25,146.0844
1111,203,81,34,17,0.5,12.06,12.57,65.85,446.12,146.04184320000002
1112,204,81,34,17,0.5,12.06,12.53,66.81,445.99,145.99928640000002
1113,204,81,34,17,0.5,12.06,12.49,67.77,445.87,145.96000320000002
1114,204,81,34,17,0.5,12.06,12.44,69.21,445.67,145.89453120000002
1115,204,81,34,17,0.5,12.06,12.4,70.17,445.54,145.85197440000002
1116,204,81,34,17,0.5,12.06,12.39,71.13,445.39,145.8028704
1117,204,81,34,17,0.5,12.06,12.4,72.1,445.22,145.74721920000002
1118,205,81,34,17,0.5,12.06,12.41,73.06,445.05,145.691568
1119,205,81,34,17,0.5,12.06,12.42,74.03,444.87,145.63264320000002
1120,205,81,34,17,0.5,12.06,12.43,74.99,444.7,145.576992
1121,205,81,34,17,0.5,12.06,12.44,75.96,444.52,145.5180672
1122,205,81,34,17,0.5,12.06,12.45,76.92,444.35,145.46241600000002
1123,205,81,34,17,0.5,12.06,11.75,77.8,444.82,145.6162752
1124,206,81,34,17,0.5,12.06,11.52,79.25,444.78,145.6031808
1125,206,81,34,17,0.5,12.06,11.72,80.75,444.35,145.46241600000002
1126,206,81,34,17,0.5,12.06,11.81,81.74,444.1,145.38057600000002
1127,206,81,34,17,0.5,12.06,11.89,82.72,443.86,145.30200960000002
1128,206,81,34,17,0.5,12.06,11.94,83.7,443.64,145.2299904
1129,206,81,34,17,0.5,12.06,11.98,84.68,443.43,145.16124480000002
1130,207,81,34,17,0.5,12.06,12.0,85.66,443.24,145.0990464
1131,207,81,34,17,0.5,12.06,12.0,86.64,443.07,145.04339520000002
1132,207,81,34,17,0.5,12.06,11.99,87.62,442.91,144.99101760000002
1133,207,81,34,17,0.5,12.06,11.97,88.6,442.76,144.94191360000002
1134,207,81,34,17,0.5,12.06,11.94,89.58,442.61,144.8928096
1135,207,81,34,17,0.5,12.06,11.91,90.55,442.48,144.85025280000002
1136,207,81,34,17,0.5,12.06,11.87,91.53,442.35,144.80769600000002
1137,208,81,34,17,0.5,12.06,11.83,92.5,442.22,144.7651392
1138,208,81,34,17,0.5,12.06,11.79,93.48,442.09,144.7225824
1139,208,81,34,17,0.5,12.06,11.74,94.45,441.98,144.6865728
1140,208,81,34,17,0.5,12.06,11.66,95.91,441.81,144.63092160000002
1141,208,81,34,17,0.5,12.06,11.61,96.88,441.7,144.594912
1142,208,81,34,17,0.5,12.06,11.56,97.85,441.59,144.5589024
1143,209,81,34,17,0.5,12.06,11.5,98.83,441.49,144.52616640000002
1144,209,81,34,17,0.5,12.06,11.44,99.8,441.4,144.496704
1145,209,81,34,17,0.5,12.06,11.39,101.24,441.21,144.4345056
1146,209,81,34,17,0.5,12.06,11.36,102.21,441.09,144.3952224
1147,209,81,34,17,0.5,12.06,11.33,103.17,440.96,144.3526656
1148,209,81,34,17,0.5,12.06,11.29,104.14,440.85,144.31665600000002
1149,210,81,34,17,0.5,12.06,11.26,105.11,440.73,144.2773728
1150,210,81,34,17,0.5,12.06,11.21,106.56,440.55,144.21844800000002
1151,210,81,34,17,0.5,12.06,11.18,107.52,440.43,144.1791648
1152,210,81,34,17,0.5,12.06,11.14,108.49,440.33,144.1464288
1153,210,81,34,17,0.5,12.06,11.11,109.46,440.21,144.1071456
1154,210,81,34,17,0.5,12.06,11.07,110.42,440.11,144.0744096
1155,210,81,34,17,0.5,12.06,11.04,111.39,439.99,144.03512640000002
1156,211,81,34,17,0.5,12.06,10.99,112.84,439.83,143.9827488
1157,211,81,34,17,0.5,12.06,10.95,113.8,439.73,143.95001280000002
1158,211,81,34,17,0.5,12.06,10.92,114.77,439.62,143.9140032
1159,211,81,34,17,0.5,12.06,10.88,115.73,439.53,143.8845408
1160,211,81,34,17,0.5,12.06,10.57,116.64,439.81,143.9762016
1161,212,81,34,17,0.5,12.06,10.25,118.06,440.02,144.0449472
1162,212,81,34,17,0.5,12.06,10.27,119.53,439.79,143.9696544
1163,212,81,34,17,0.5,12.06,10.25,121.0,439.61,143.91072960000002
1164,212,81,34,17,0.5,12.06,10.22,121.97,439.52,143.8812672
1165,212,81,34,17,0.5,12.06,10.19,122.94,439.43,143.8518048
1166,212,81,34,17,0.5,12.06,10.16,123.91,439.34,143.8223424
1167,213,81,34,17,0.5,12.06,10.11,124.87,439.29,143.80597440000003
1168,213,81,34,17,0.5,12.06,10.06,125.83,439.23,143.7863328
1169,213,81,34,17,0.5,12.06,10.01,126.79,439.18,143.7699648
1170,213,81,34,17,0.5,12.06,9.97,127.75,439.11,143.74704960000003
1171,213,81,34,17,0.5,12.06,9.95,128.72,439.02,143.7175872
1172,213,81,34,17,0.5,12.06,9.93,129.68,438.93,143.6881248
1173,213,81,34,17,0.5,12.06,10.24,130.59,438.38,143.5080768
1174,214,81,34,17,0.5,12.06,11.27,131.34,436.73,142.9679328
1175,214,81,34,17,0.5,12.06,10.76,132.79,437.33,143.1643488
1176,214,81,34,17,0.5,12.06,10.47,134.74,437.53,143.2298208
1177,214,81,34,17,0.5,12.06,10.37,135.7,437.57,143.2429152
1178,214,81,34,17,0.5,12.06,10.28,136.67,437.6,143.252736
1179,215,81,34,17,0.5,12.06,10.21,137.63,437.59,143.2494624
1180,215,81,34,17,0.5,12.06,10.12,139.07,437.57,143.2429152
1181,215,81,34,17,0.5,12.06,10.08,140.02,437.54,143.23309440000003
1182,215,81,34,17,0.5,12.06,10.04,140.98,437.5,143.22
1183,215,81,34,17,0.5,12.06,10.01,141.94,437.45,143.203632
1184,215,81,34,17,0.5,12.06,9.98,142.9,437.4,143.187264
1185,216,81,34,17,0.5,12.06,9.96,143.85,437.33,143.1643488
1186,216,81,34,17,0.5,12.06,9.94,144.81,437.27,143.1447072
1187,216,81,34,17,0.5,12.06,9.93,145.76,437.2,143.121792
1188,216,81,34,17,0.5,12.06,9.91,146.71,437.14,143.1021504
1189,216,81,34,17,0.5,12.06,9.9,148.14,437.03,143.0661408
1190,216,81,34,17,0.5,12.06,9.89,149.1,436.96,143.0432256
1191,217,81,34,17,0.5,12.06,9.89,150.05,436.88,143.0170368
1192,217,81,34,17,0.5,12.06,9.88,151.0,436.82,142.9973952
1193,217,81,34,17,0.5,12.06,9.88,151.96,436.74,142.9712064
1194,217,81,34,17,0.5,12.06,9.87,152.91,436.69,142.9548384
1195,217,81,34,17,0.5,12.06,9.87,153.86,436.61,142.92864960000003
1196,217,81,34,17,0.5,12.06,9.86,155.29,436.52,142.8991872
1197,218,81,34,17,0.5,12.06,9.86,156.25,436.45,142.876272
1198,218,81,34,17,0.5,12.06,9.86,157.2,436.39,142.8566304
1199,218,81,34,17,0.5,12.06,9.86,158.15,436.32,142.8337152
1200,218,81,34,17,0.5,12.06,9.86,159.58,436.23,142.80425280000003
1201,218,81,34,17,0.5,12.06,9.85,160.54,436.19,142.7911584
1202,218,81,34,17,0.5,12.06,9.85,161.49,436.13,142.7715168
1203,219,81,34,17,0.5,12.06,9.85,162.44,436.08,142.7551488
1204,219,81,34,17,0.5,12.06,9.81,163.4,436.1,142.761696
1205,219,81,34,17,0.5,12.06,9.74,164.84,436.14,142.7747904
1206,219,81,34,17,0.5,12.06,9.67,166.28,436.19,142.7911584
1207,219,81,34,17,0.5,12.06,9.62,167.24,436.23,142.80425280000003
1208,219,81,34,17,0.5,12.06,10.36,168.56,434.88,142.3623168
1209,220,81,34,17,0.5,12.06,10.22,169.55,435.09,142.4310624
1210,220,81,34,17,0.5,12.06,10.08,170.53,435.3,142.499808
1211,220,81,34,17,0.5,12.06,9.96,171.5,435.48,142.5587328
1212,220,81,34,17,0.5,12.06,9.84,172.47,435.66,142.61765760000003
